date,title,detail_url,canonical_url,pdf_url,source_url,scraped_at
2026-05-25,"Reserve Bank of India (Rural Co-operative Banks - Governance) Amendment Directions, 2026",https://www.rbi.org.in/Scripts/NotificationUser.aspx?Id=13462&Mode=0,https://www.rbi.org.in/Scripts/NotificationUser.aspx?Id=13462&Mode=0,https://rbidocs.rbi.org.in/rdocs/notification/PDFs/NT95F6FFC4FD4E3947CB92EF7020B07B54DD.PDF,https://www.rbi.org.in/Scripts/Fs_AmendmentDirections.aspx,2026-05-30T11:21:17.094152+00:00
2026-05-18,"Reserve Bank of India (Local Area Banks – Financial Statements: Presentation and Disclosures) Third Amendment Directions, 2026",https://www.rbi.org.in/Scripts/NotificationUser.aspx?Id=13459&Mode=0,https://www.rbi.org.in/Scripts/NotificationUser.aspx?Id=13459&Mode=0,https://rbidocs.rbi.org.in/rdocs/notification/PDFs/NOTI92D4EED82A29144087A855144A8885E2C3.PDF,https://www.rbi.org.in/Scripts/Fs_AmendmentDirections.aspx,2026-05-30T11:21:17.094152+00:00
2026-05-18,"Reserve Bank of India (Commercial Banks – Prudential Norms on Capital Adequacy) Sixth Amendment Directions, 2026",https://www.rbi.org.in/Scripts/NotificationUser.aspx?Id=13457&Mode=0,https://www.rbi.org.in/Scripts/NotificationUser.aspx?Id=13457&Mode=0,https://rbidocs.rbi.org.in/rdocs/notification/PDFs/NOTI90470E837E915C4182AE0C9D8C5718A66B.PDF,https://www.rbi.org.in/Scripts/Fs_AmendmentDirections.aspx,2026-05-30T11:21:17.094152+00:00
2026-05-18,"Reserve Bank of India (Regional Rural Banks - Classification, Valuation, and Operation of Investment Portfolio) Amendment Directions, 2026",https://www.rbi.org.in/Scripts/NotificationUser.aspx?Id=13456&Mode=0,https://www.rbi.org.in/Scripts/NotificationUser.aspx?Id=13456&Mode=0,https://rbidocs.rbi.org.in/rdocs/notification/PDFs/NOTI89E31D5A495AEC4A69ABF7E6EE6FA4824A.PDF,https://www.rbi.org.in/Scripts/Fs_AmendmentDirections.aspx,2026-05-30T11:21:17.094152+00:00
2026-05-18,"Reserve Bank of India (Rural Co-operative Banks – Classification, Valuation, and Operation of Investment Portfolio) Amendment Directions, 2026",https://www.rbi.org.in/Scripts/NotificationUser.aspx?Id=13455&Mode=0,https://www.rbi.org.in/Scripts/NotificationUser.aspx?Id=13455&Mode=0,https://rbidocs.rbi.org.in/rdocs/notification/PDFs/88NTC3010AFC82FF4B3CB22979352B28DA98.PDF,https://www.rbi.org.in/Scripts/Fs_AmendmentDirections.aspx,2026-05-30T11:21:17.094152+00:00
2026-05-18,"Reserve Bank of India (Urban Co-operative Banks – Classification, Valuation, and Operation of Investment Portfolio) Amendment Directions, 2026",https://www.rbi.org.in/Scripts/NotificationUser.aspx?Id=13454&Mode=0,https://www.rbi.org.in/Scripts/NotificationUser.aspx?Id=13454&Mode=0,https://rbidocs.rbi.org.in/rdocs/notification/PDFs/87NTB3DFD77D3B094FE4915E877FB7D97768.PDF,https://www.rbi.org.in/Scripts/Fs_AmendmentDirections.aspx,2026-05-30T11:21:17.094152+00:00
2026-05-18,"Reserve Bank of India (Local Area Banks - Classification, Valuation, and Operation of Investment Portfolio) Amendment Directions, 2026",https://www.rbi.org.in/Scripts/NotificationUser.aspx?Id=13453&Mode=0,https://www.rbi.org.in/Scripts/NotificationUser.aspx?Id=13453&Mode=0,https://rbidocs.rbi.org.in/rdocs/notification/PDFs/86NT6E591E9C4F874C7A82420CB56FA6DE84.PDF,https://www.rbi.org.in/Scripts/Fs_AmendmentDirections.aspx,2026-05-30T11:21:17.094152+00:00
2026-05-18,"Reserve Bank of India (Payments Banks - Classification, Valuation, and Operation of Investment Portfolio) Amendment Directions, 2026",https://www.rbi.org.in/Scripts/NotificationUser.aspx?Id=13452&Mode=0,https://www.rbi.org.in/Scripts/NotificationUser.aspx?Id=13452&Mode=0,https://rbidocs.rbi.org.in/rdocs/notification/PDFs/NT850BEE108F04C3499693731F8AEF883AA6.PDF,https://www.rbi.org.in/Scripts/Fs_AmendmentDirections.aspx,2026-05-30T11:21:17.094152+00:00
2026-05-18,"Reserve Bank of India (Small Finance Banks - Classification, Valuation, and Operation of Investment Portfolio) Amendment Directions, 2026",https://www.rbi.org.in/Scripts/NotificationUser.aspx?Id=13451&Mode=0,https://www.rbi.org.in/Scripts/NotificationUser.aspx?Id=13451&Mode=0,https://rbidocs.rbi.org.in/rdocs/notification/PDFs/NT84C533D9C069AF4F4AB19B3D56CB48CDBC.PDF,https://www.rbi.org.in/Scripts/Fs_AmendmentDirections.aspx,2026-05-30T11:21:17.094152+00:00
2026-05-18,"Reserve Bank of India (Commercial Banks - Classification, Valuation, and Operation of Investment Portfolio) Second Amendment Directions, 2026",https://www.rbi.org.in/Scripts/NotificationUser.aspx?Id=13450&Mode=0,https://www.rbi.org.in/Scripts/NotificationUser.aspx?Id=13450&Mode=0,https://rbidocs.rbi.org.in/rdocs/notification/PDFs/NT83024DCDBEA7DE44C8AF2C0025AB1177DE.PDF,https://www.rbi.org.in/Scripts/Fs_AmendmentDirections.aspx,2026-05-30T11:21:17.094152+00:00
2026-05-08,"Reserve Bank of India (Payments Banks - Prudential Norms on Capital Adequacy) Second Amendment Directions, 2026",https://www.rbi.org.in/Scripts/NotificationUser.aspx?Id=13448&Mode=0,https://www.rbi.org.in/Scripts/NotificationUser.aspx?Id=13448&Mode=0,https://rbidocs.rbi.org.in/rdocs/notification/PDFs/NOTI8196D3E7F95ABC450AA9BFEAB099858678.PDF,https://www.rbi.org.in/Scripts/Fs_AmendmentDirections.aspx,2026-05-30T11:21:17.094152+00:00
2026-05-08,"Reserve Bank of India (Small Finance Banks - Prudential Norms on Capital Adequacy) Fourth Amendment Directions, 2026",https://www.rbi.org.in/Scripts/NotificationUser.aspx?Id=13447&Mode=0,https://www.rbi.org.in/Scripts/NotificationUser.aspx?Id=13447&Mode=0,https://rbidocs.rbi.org.in/rdocs/notification/PDFs/NT806C53367D4197425990FC6F87595E7C92.PDF,https://www.rbi.org.in/Scripts/Fs_AmendmentDirections.aspx,2026-05-30T11:21:17.094152+00:00
2026-05-08,"Reserve Bank of India (Commercial Banks - Prudential Norms on Capital Adequacy) Fifth Amendment Directions, 2026",https://www.rbi.org.in/Scripts/NotificationUser.aspx?Id=13446&Mode=0,https://www.rbi.org.in/Scripts/NotificationUser.aspx?Id=13446&Mode=0,https://rbidocs.rbi.org.in/rdocs/notification/PDFs/NT799FE6755C8A644D72931699FE567462DF.PDF,https://www.rbi.org.in/Scripts/Fs_AmendmentDirections.aspx,2026-05-30T11:21:17.094152+00:00
2026-04-29,"Reserve Bank of India (All India Financial Institutions – Credit Risk Management) Second Amendment Directions, 2026",https://www.rbi.org.in/Scripts/NotificationUser.aspx?Id=13441&Mode=0,https://www.rbi.org.in/Scripts/NotificationUser.aspx?Id=13441&Mode=0,https://rbidocs.rbi.org.in/rdocs/notification/PDFs/NT752DAD9CA8852D44C2B753E1DC2D55CAEE.PDF,https://www.rbi.org.in/Scripts/Fs_AmendmentDirections.aspx,2026-05-30T11:21:17.094152+00:00
2026-04-29,"Reserve Bank of India (All India Financial Institutions – Responsible Business Conduct) Amendment Directions, 2026",https://www.rbi.org.in/Scripts/NotificationUser.aspx?Id=13440&Mode=0,https://www.rbi.org.in/Scripts/NotificationUser.aspx?Id=13440&Mode=0,https://rbidocs.rbi.org.in/rdocs/notification/PDFs/NT740065426D194A4603B4FED6A214ED91FC.PDF,https://www.rbi.org.in/Scripts/Fs_AmendmentDirections.aspx,2026-05-30T11:21:17.094152+00:00
2026-04-29,"Reserve Bank of India (All India Financial Institutions – Income Recognition, Asset Classification and Provisioning) Amendment Directions, 2026",https://www.rbi.org.in/Scripts/NotificationUser.aspx?Id=13439&Mode=0,https://www.rbi.org.in/Scripts/NotificationUser.aspx?Id=13439&Mode=0,https://rbidocs.rbi.org.in/rdocs/notification/PDFs/NT733993494567454CCB8FC148E2546EBE50.PDF,https://www.rbi.org.in/Scripts/Fs_AmendmentDirections.aspx,2026-05-30T11:21:17.094152+00:00
2026-04-29,"Reserve Bank of India (All India Financial Institutions – Resolution of Stressed Assets) Amendment Directions, 2026",https://www.rbi.org.in/Scripts/NotificationUser.aspx?Id=13437&Mode=0,https://www.rbi.org.in/Scripts/NotificationUser.aspx?Id=13437&Mode=0,https://rbidocs.rbi.org.in/rdocs/notification/PDFs/NT7220E40A0878454895A477E10DCBB3734A.PDF,https://www.rbi.org.in/Scripts/Fs_AmendmentDirections.aspx,2026-05-30T11:21:17.094152+00:00
2026-04-29,"Reserve Bank of India (Non-Banking Financial Companies – Credit Risk Management) Second Amendment Directions, 2026",https://www.rbi.org.in/Scripts/NotificationUser.aspx?Id=13435&Mode=0,https://www.rbi.org.in/Scripts/NotificationUser.aspx?Id=13435&Mode=0,https://rbidocs.rbi.org.in/rdocs/notification/PDFs/NT7151967911774A451BBD157AB5ED06AC3D.PDF,https://www.rbi.org.in/Scripts/Fs_AmendmentDirections.aspx,2026-05-30T11:21:17.094152+00:00
2026-04-29,"Reserve Bank of India (Non-Banking Financial Companies – Responsible Business Conduct) Amendment Directions, 2026",https://www.rbi.org.in/Scripts/NotificationUser.aspx?Id=13431&Mode=0,https://www.rbi.org.in/Scripts/NotificationUser.aspx?Id=13431&Mode=0,https://rbidocs.rbi.org.in/rdocs/notification/PDFs/NT703927F39626314DC8B6C58614A0D629AC.PDF,https://www.rbi.org.in/Scripts/Fs_AmendmentDirections.aspx,2026-05-30T11:21:17.094152+00:00
2026-04-29,"Reserve Bank of India (Non-Banking Financial Companies – Income Recognition, Asset Classification and Provisioning) Amendment Directions, 2026",https://www.rbi.org.in/Scripts/NotificationUser.aspx?Id=13428&Mode=0,https://www.rbi.org.in/Scripts/NotificationUser.aspx?Id=13428&Mode=0,https://rbidocs.rbi.org.in/rdocs/notification/PDFs/NT694BE5A2EF10BB4AA3A99A861657BDFEF4.PDF,https://www.rbi.org.in/Scripts/Fs_AmendmentDirections.aspx,2026-05-30T11:21:17.094152+00:00
2026-04-29,"Reserve Bank of India (Non-Banking Financial Companies – Resolution of Stressed Assets) Amendment Directions, 2026",https://www.rbi.org.in/Scripts/NotificationUser.aspx?Id=13424&Mode=0,https://www.rbi.org.in/Scripts/NotificationUser.aspx?Id=13424&Mode=0,https://rbidocs.rbi.org.in/rdocs/notification/PDFs/NT68BFB45413680C4BC0B7435DA1DCED5EA0.PDF,https://www.rbi.org.in/Scripts/Fs_AmendmentDirections.aspx,2026-05-30T11:21:17.094152+00:00
2026-04-29,"Reserve Bank of India (Rural Cooperative Banks – Credit Risk Management) Second Amendment Directions, 2026",https://www.rbi.org.in/Scripts/NotificationUser.aspx?Id=13436&Mode=0,https://www.rbi.org.in/Scripts/NotificationUser.aspx?Id=13436&Mode=0,https://rbidocs.rbi.org.in/rdocs/notification/PDFs/NT670E0ED3EC6A264EF291F242EAC68D61D8.PDF,https://www.rbi.org.in/Scripts/Fs_AmendmentDirections.aspx,2026-05-30T11:21:17.094152+00:00
2026-04-29,"Reserve Bank of India (Rural Cooperative Banks – Responsible Business Conduct) Amendment Directions, 2026",https://www.rbi.org.in/Scripts/NotificationUser.aspx?Id=13433&Mode=0,https://www.rbi.org.in/Scripts/NotificationUser.aspx?Id=13433&Mode=0,https://rbidocs.rbi.org.in/rdocs/notification/PDFs/NT66ABCE83D6FFC74139904E26CAB1FE46DD.PDF,https://www.rbi.org.in/Scripts/Fs_AmendmentDirections.aspx,2026-05-30T11:21:17.094152+00:00
2026-04-29,"Reserve Bank of India (Rural Cooperative Banks – Income Recognition, Asset Classification and Provisioning) Amendment Directions, 2026",https://www.rbi.org.in/Scripts/NotificationUser.aspx?Id=13429&Mode=0,https://www.rbi.org.in/Scripts/NotificationUser.aspx?Id=13429&Mode=0,https://rbidocs.rbi.org.in/rdocs/notification/PDFs/NT6524016B8135B94798904493CDDC41C73D.PDF,https://www.rbi.org.in/Scripts/Fs_AmendmentDirections.aspx,2026-05-30T11:21:17.094152+00:00
2026-04-29,"Reserve Bank of India (Rural Cooperative Banks – Resolution of Stressed Assets) Amendment Directions, 2026",https://www.rbi.org.in/Scripts/NotificationUser.aspx?Id=13425&Mode=0,https://www.rbi.org.in/Scripts/NotificationUser.aspx?Id=13425&Mode=0,https://rbidocs.rbi.org.in/rdocs/notification/PDFs/NT640E029275295247A78C2E9248E39EF69D.PDF,https://www.rbi.org.in/Scripts/Fs_AmendmentDirections.aspx,2026-05-30T11:21:17.094152+00:00
2026-04-29,"Reserve Bank of India (Regional Rural Banks – Credit Risk Management) Second Amendment Directions, 2026",https://www.rbi.org.in/Scripts/NotificationUser.aspx?Id=13438&Mode=0,https://www.rbi.org.in/Scripts/NotificationUser.aspx?Id=13438&Mode=0,https://rbidocs.rbi.org.in/rdocs/notification/PDFs/NT630E2014478CFD44A489D5A56205813B9E.PDF,https://www.rbi.org.in/Scripts/Fs_AmendmentDirections.aspx,2026-05-30T11:21:17.094152+00:00
2026-04-29,"Reserve Bank of India (Regional Rural Banks – Responsible Business Conduct) Amendment Directions, 2026",https://www.rbi.org.in/Scripts/NotificationUser.aspx?Id=13434&Mode=0,https://www.rbi.org.in/Scripts/NotificationUser.aspx?Id=13434&Mode=0,https://rbidocs.rbi.org.in/rdocs/notification/PDFs/NT6257C5260FC26A4B50827A535A19CE0608.PDF,https://www.rbi.org.in/Scripts/Fs_AmendmentDirections.aspx,2026-05-30T11:21:17.094152+00:00
2026-04-29,"Reserve Bank of India (Regional Rural Banks – Income Recognition, Asset Classification and Provisioning) Amendment Directions, 2026",https://www.rbi.org.in/Scripts/NotificationUser.aspx?Id=13430&Mode=0,https://www.rbi.org.in/Scripts/NotificationUser.aspx?Id=13430&Mode=0,https://rbidocs.rbi.org.in/rdocs/notification/PDFs/NT61459093768AEC4CAFA90EE8A95BE205B9.PDF,https://www.rbi.org.in/Scripts/Fs_AmendmentDirections.aspx,2026-05-30T11:21:17.094152+00:00
2026-04-29,"Reserve Bank of India (Regional Rural Banks – Resolution of Stressed Assets) Amendment Directions, 2026",https://www.rbi.org.in/Scripts/NotificationUser.aspx?Id=13426&Mode=0,https://www.rbi.org.in/Scripts/NotificationUser.aspx?Id=13426&Mode=0,https://rbidocs.rbi.org.in/rdocs/notification/PDFs/NT60A82D072DE1364316A48FEE6F45206B14.PDF,https://www.rbi.org.in/Scripts/Fs_AmendmentDirections.aspx,2026-05-30T11:21:17.094152+00:00
2026-04-29,"Reserve Bank of India (Urban Cooperative Banks – Credit Risk Management) Second Amendment Directions, 2026",https://www.rbi.org.in/Scripts/NotificationUser.aspx?Id=13423&Mode=0,https://www.rbi.org.in/Scripts/NotificationUser.aspx?Id=13423&Mode=0,https://rbidocs.rbi.org.in/rdocs/notification/PDFs/NT591779AE6A43F648F4AF0CFF3BD363D1DF.PDF,https://www.rbi.org.in/Scripts/Fs_AmendmentDirections.aspx,2026-05-30T11:21:17.094152+00:00
2026-04-29,"Reserve Bank of India (Urban Cooperative Banks – Responsible Business Conduct) Amendment Directions, 2026",https://www.rbi.org.in/Scripts/NotificationUser.aspx?Id=13421&Mode=0,https://www.rbi.org.in/Scripts/NotificationUser.aspx?Id=13421&Mode=0,https://rbidocs.rbi.org.in/rdocs/notification/PDFs/NT58306AF5E0CE364DE4A6C139E31723154F.PDF,https://www.rbi.org.in/Scripts/Fs_AmendmentDirections.aspx,2026-05-30T11:21:17.094152+00:00
2026-04-29,"Reserve Bank of India (Urban Cooperative Banks – Income Recognition, Asset Classification and Provisioning) Amendment Directions, 2026",https://www.rbi.org.in/Scripts/NotificationUser.aspx?Id=13418&Mode=0,https://www.rbi.org.in/Scripts/NotificationUser.aspx?Id=13418&Mode=0,https://rbidocs.rbi.org.in/rdocs/notification/PDFs/NT57EBA5AE7606B143BA99B580966304424A.PDF,https://www.rbi.org.in/Scripts/Fs_AmendmentDirections.aspx,2026-05-30T11:21:17.094152+00:00
2026-04-29,"Reserve Bank of India (Urban Cooperative Banks – Resolution of Stressed Assets) Second Amendment Directions, 2026",https://www.rbi.org.in/Scripts/NotificationUser.aspx?Id=13416&Mode=0,https://www.rbi.org.in/Scripts/NotificationUser.aspx?Id=13416&Mode=0,https://rbidocs.rbi.org.in/rdocs/notification/PDFs/NT564D3024959FE5423D8FC852E8A64F0578.PDF,https://www.rbi.org.in/Scripts/Fs_AmendmentDirections.aspx,2026-05-30T11:21:17.094152+00:00
2026-04-29,"Reserve Bank of India (Local Area Banks – Responsible Business Conduct) Amendment Directions, 2026",https://www.rbi.org.in/Scripts/NotificationUser.aspx?Id=13420&Mode=0,https://www.rbi.org.in/Scripts/NotificationUser.aspx?Id=13420&Mode=0,https://rbidocs.rbi.org.in/rdocs/notification/PDFs/NT54799BCFEF82E0436293D69D36D1A4EA7E.PDF,https://www.rbi.org.in/Scripts/Fs_AmendmentDirections.aspx,2026-05-30T11:21:17.094152+00:00
2026-04-29,"Reserve Bank of India (Local Area Banks – Income Recognition, Asset Classification and Provisioning) Amendment Directions, 2026",https://www.rbi.org.in/Scripts/NotificationUser.aspx?Id=13415&Mode=0,https://www.rbi.org.in/Scripts/NotificationUser.aspx?Id=13415&Mode=0,https://rbidocs.rbi.org.in/rdocs/notification/PDFs/NT538FD1503C244C4086B1FA3046696FFCB6.PDF,https://www.rbi.org.in/Scripts/Fs_AmendmentDirections.aspx,2026-05-30T11:21:17.094152+00:00
2026-04-29,"Reserve Bank of India (Local Area Banks – Resolution of Stressed Assets) Amendment Directions, 2026",https://www.rbi.org.in/Scripts/NotificationUser.aspx?Id=13411&Mode=0,https://www.rbi.org.in/Scripts/NotificationUser.aspx?Id=13411&Mode=0,https://rbidocs.rbi.org.in/rdocs/notification/PDFs/NT525AB17F0E9D8A4BAE868584EB2A39A9FB.PDF,https://www.rbi.org.in/Scripts/Fs_AmendmentDirections.aspx,2026-05-30T11:21:17.094152+00:00
2026-04-29,"Reserve Bank of India (Small Finance Banks – Credit Risk Management) Second Amendment Directions, 2026",https://www.rbi.org.in/Scripts/NotificationUser.aspx?Id=13419&Mode=0,https://www.rbi.org.in/Scripts/NotificationUser.aspx?Id=13419&Mode=0,https://rbidocs.rbi.org.in/rdocs/notification/PDFs/NT5132353334A90242209DD7C98BD78D2C32.PDF,https://www.rbi.org.in/Scripts/Fs_AmendmentDirections.aspx,2026-05-30T11:21:17.094152+00:00
2026-04-29,"Reserve Bank of India (Small Finance Banks – Responsible Business Conduct) Amendment Directions, 2026",https://www.rbi.org.in/Scripts/NotificationUser.aspx?Id=13417&Mode=0,https://www.rbi.org.in/Scripts/NotificationUser.aspx?Id=13417&Mode=0,https://rbidocs.rbi.org.in/rdocs/notification/PDFs/NT503A71A831AF424AE4B28849C91EA90915.PDF,https://www.rbi.org.in/Scripts/Fs_AmendmentDirections.aspx,2026-05-30T11:21:17.094152+00:00
2026-04-29,"Reserve Bank of India (Small Finance Banks – Income Recognition, Asset Classification and Provisioning) Amendment Directions, 2026",https://www.rbi.org.in/Scripts/NotificationUser.aspx?Id=13414&Mode=0,https://www.rbi.org.in/Scripts/NotificationUser.aspx?Id=13414&Mode=0,https://rbidocs.rbi.org.in/rdocs/notification/PDFs/NT4991251EF3596D477CB27E948651F77AEA.PDF,https://www.rbi.org.in/Scripts/Fs_AmendmentDirections.aspx,2026-05-30T11:21:17.094152+00:00
2026-04-29,"Reserve Bank of India (Small Finance Banks – Resolution of Stressed Assets) Amendment Directions, 2026",https://www.rbi.org.in/Scripts/NotificationUser.aspx?Id=13412&Mode=0,https://www.rbi.org.in/Scripts/NotificationUser.aspx?Id=13412&Mode=0,https://rbidocs.rbi.org.in/rdocs/notification/PDFs/NT48EA124973D73F471DA19168B377E9E529.PDF,https://www.rbi.org.in/Scripts/Fs_AmendmentDirections.aspx,2026-05-30T11:21:17.094152+00:00
2026-04-29,"Reserve Bank of India (Commercial Banks – Credit Risk Management) Third Amendment Directions, 2026",https://www.rbi.org.in/Scripts/NotificationUser.aspx?Id=13413&Mode=0,https://www.rbi.org.in/Scripts/NotificationUser.aspx?Id=13413&Mode=0,https://rbidocs.rbi.org.in/rdocs/notification/PDFs/NT472FCD9CB24AB349ADAF84C0C00EC2789B.PDF,https://www.rbi.org.in/Scripts/Fs_AmendmentDirections.aspx,2026-05-30T11:21:17.094152+00:00
2026-04-29,"Reserve Bank of India (Commercial Banks – Responsible Business Conduct) Amendment Directions, 2026",https://www.rbi.org.in/Scripts/NotificationUser.aspx?Id=13410&Mode=0,https://www.rbi.org.in/Scripts/NotificationUser.aspx?Id=13410&Mode=0,https://rbidocs.rbi.org.in/rdocs/notification/PDFs/NT46BB3AE9CC38644D9A960F2017BA96D485.PDF,https://www.rbi.org.in/Scripts/Fs_AmendmentDirections.aspx,2026-05-30T11:21:17.094152+00:00
2026-04-29,"Reserve Bank of India (Commercial Banks – Income Recognition, Asset Classification and Provisioning) Amendment Directions, 2026",https://www.rbi.org.in/Scripts/NotificationUser.aspx?Id=13409&Mode=0,https://www.rbi.org.in/Scripts/NotificationUser.aspx?Id=13409&Mode=0,https://rbidocs.rbi.org.in/rdocs/notification/PDFs/NT4579C1B0A545104BCCBA46043677BF0B63.PDF,https://www.rbi.org.in/Scripts/Fs_AmendmentDirections.aspx,2026-05-30T11:21:17.094152+00:00
2026-04-29,"Reserve Bank of India (Non-Banking Financial Companies – Registration, Exemptions and Framework for Scale Based Regulation) Amendment Directions, 2026",https://www.rbi.org.in/Scripts/NotificationUser.aspx?Id=13407&Mode=0,https://www.rbi.org.in/Scripts/NotificationUser.aspx?Id=13407&Mode=0,https://rbidocs.rbi.org.in/rdocs/notification/PDFs/NOTI43290420265886D94FF26C478281DD74C9C63ECF22.PDF,https://www.rbi.org.in/Scripts/Fs_AmendmentDirections.aspx,2026-05-30T11:21:17.094152+00:00
2026-04-29,"Reserve Bank of India (Urban Co-operative Banks – Financial Statements: Presentation and Disclosures) – Second Amendment Directions, 2026",https://www.rbi.org.in/Scripts/NotificationUser.aspx?Id=13405&Mode=0,https://www.rbi.org.in/Scripts/NotificationUser.aspx?Id=13405&Mode=0,https://rbidocs.rbi.org.in/rdocs/notification/PDFs/NT411540C7941A2345109C465F94C8C64865.PDF,https://www.rbi.org.in/Scripts/Fs_AmendmentDirections.aspx,2026-05-30T11:21:17.094152+00:00
2026-04-29,"Reserve Bank of India (Urban Co-operative Banks – Credit Facilities) – Amendment Directions, 2026",https://www.rbi.org.in/Scripts/NotificationUser.aspx?Id=13404&Mode=0,https://www.rbi.org.in/Scripts/NotificationUser.aspx?Id=13404&Mode=0,https://rbidocs.rbi.org.in/rdocs/notification/PDFs/NT40B4100873FA7247CE96C103955A57E5AF.PDF,https://www.rbi.org.in/Scripts/Fs_AmendmentDirections.aspx,2026-05-30T11:21:17.094152+00:00
2026-04-27,"Reserve Bank of India (Commercial Banks - Prudential Norms on Capital Adequacy) Fourth Amendment Directions, 2026",https://www.rbi.org.in/Scripts/NotificationUser.aspx?Id=13387&Mode=0,https://www.rbi.org.in/Scripts/NotificationUser.aspx?Id=13387&Mode=0,https://rbidocs.rbi.org.in/rdocs/notification/PDFs/11PNCA_270420267F340810E22549159505F6EF8C17748A.PDF,https://www.rbi.org.in/Scripts/Fs_AmendmentDirections.aspx,2026-05-30T11:21:17.094152+00:00
2026-04-27,"Reserve Bank of India (Commercial Banks – Treatment of Wilful Defaulters and Large Defaulters) - Amendment Directions, 2026",https://www.rbi.org.in/Scripts/NotificationUser.aspx?Id=13384&Mode=0,https://www.rbi.org.in/Scripts/NotificationUser.aspx?Id=13384&Mode=0,https://rbidocs.rbi.org.in/rdocs/notification/PDFs/NOTI285C4A71651B6340CB87A70707696834E8.PDF,https://www.rbi.org.in/Scripts/Fs_AmendmentDirections.aspx,2026-05-30T11:21:17.094152+00:00
2026-04-27,"Reserve Bank of India (Commercial Banks- Transfer and Distribution of Credit Risk) Amendment Directions, 2026",https://www.rbi.org.in/Scripts/NotificationUser.aspx?Id=13390&Mode=0,https://www.rbi.org.in/Scripts/NotificationUser.aspx?Id=13390&Mode=0,https://rbidocs.rbi.org.in/rdocs/notification/PDFs/24DOR27042026D5FAFF4D1C1A4F209F9F3FA386284C73.PDF,https://www.rbi.org.in/Scripts/Fs_AmendmentDirections.aspx,2026-05-30T11:21:17.094152+00:00
2026-04-27,"Reserve Bank of India (Urban Cooperative Banks – Resolution of Stressed Assets) Amendment Directions, 2026",https://www.rbi.org.in/Scripts/NotificationUser.aspx?Id=13385&Mode=0,https://www.rbi.org.in/Scripts/NotificationUser.aspx?Id=13385&Mode=0,https://rbidocs.rbi.org.in/rdocs/notification/PDFs/10UCB_27042026D254BB8B84E94D18AEAA5D65479D9833.PDF,https://www.rbi.org.in/Scripts/Fs_AmendmentDirections.aspx,2026-05-30T11:21:17.094152+00:00
2026-04-27,"Reserve Bank of India (Commercial Banks – Financial Statements: Presentation and Disclosures) Seventh Amendment Directions, 2026",https://www.rbi.org.in/Scripts/NotificationUser.aspx?Id=13393&Mode=0,https://www.rbi.org.in/Scripts/NotificationUser.aspx?Id=13393&Mode=0,https://rbidocs.rbi.org.in/rdocs/notification/PDFs/13PDSCB_27042026857B1520A46C40E3B1AAA206842201E4.PDF,https://www.rbi.org.in/Scripts/Fs_AmendmentDirections.aspx,2026-05-30T11:21:17.094152+00:00
2026-04-27,"Reserve Bank of India (Non-Operative Financial Holding Companies) Amendment Directions, 2026",https://www.rbi.org.in/Scripts/NotificationUser.aspx?Id=13382&Mode=0,https://www.rbi.org.in/Scripts/NotificationUser.aspx?Id=13382&Mode=0,https://rbidocs.rbi.org.in/rdocs/notification/PDFs/9NOFHC_27042026724CCE0A9AB64C55A3F06207CDC7830E.PDF,https://www.rbi.org.in/Scripts/Fs_AmendmentDirections.aspx,2026-05-30T11:21:17.094152+00:00
2026-04-27,"Reserve Bank of India (Commercial Banks – Credit Facilities) Second Amendment Directions, 2026",https://www.rbi.org.in/Scripts/NotificationUser.aspx?Id=13395&Mode=0,https://www.rbi.org.in/Scripts/NotificationUser.aspx?Id=13395&Mode=0,https://rbidocs.rbi.org.in/rdocs/notification/PDFs/25DOR27042026269CC95694CA4E38A45B8319EAEDE6FD.PDF,https://www.rbi.org.in/Scripts/Fs_AmendmentDirections.aspx,2026-05-30T11:21:17.094152+00:00
2026-04-27,"Reserve Bank of India (Commercial Banks – Asset Liability Management) Amendment Directions, 2026",https://www.rbi.org.in/Scripts/NotificationUser.aspx?Id=13392&Mode=0,https://www.rbi.org.in/Scripts/NotificationUser.aspx?Id=13392&Mode=0,https://rbidocs.rbi.org.in/rdocs/notification/PDFs/NOTI3015E65B51BC974DE09522B15EBF0A1A8D.PDF,https://www.rbi.org.in/Scripts/Fs_AmendmentDirections.aspx,2026-05-30T11:21:17.094152+00:00
2026-04-27,"Reserve Bank of India (Commercial Banks – Credit Cards and Debit Cards: Issuance and Conduct) Amendment Directions, 2026",https://www.rbi.org.in/Scripts/NotificationUser.aspx?Id=13388&Mode=0,https://www.rbi.org.in/Scripts/NotificationUser.aspx?Id=13388&Mode=0,https://rbidocs.rbi.org.in/rdocs/notification/PDFs/NOTI29250DAA33E8FD4FB0B7680453870F9447.PDF,https://www.rbi.org.in/Scripts/Fs_AmendmentDirections.aspx,2026-05-30T11:21:17.094152+00:00
2026-04-27,"Reserve Bank of India (Commercial Banks – Credit Risk Management) Second Amendment Directions, 2026",https://www.rbi.org.in/Scripts/NotificationUser.aspx?Id=13397&Mode=0,https://www.rbi.org.in/Scripts/NotificationUser.aspx?Id=13397&Mode=0,https://rbidocs.rbi.org.in/rdocs/notification/PDFs/26DOR27042026733E2D2A91BF47259B26D589A70CA528.PDF,https://www.rbi.org.in/Scripts/Fs_AmendmentDirections.aspx,2026-05-30T11:21:17.094152+00:00
2026-04-27,"Reserve Bank of India (Commercial Banks – Classification, Valuation, and Operation of Investment Portfolio) Amendment Directions, 2026",https://www.rbi.org.in/Scripts/NotificationUser.aspx?Id=13391&Mode=0,https://www.rbi.org.in/Scripts/NotificationUser.aspx?Id=13391&Mode=0,https://rbidocs.rbi.org.in/rdocs/notification/PDFs/12MDI_2704202618608902D37945FEB563837425A65E03.PDF,https://www.rbi.org.in/Scripts/Fs_AmendmentDirections.aspx,2026-05-30T11:21:17.094152+00:00
2026-04-27,"Reserve Bank of India (Commercial Banks - Concentration Risk Management) Second Amendment Directions, 2026",https://www.rbi.org.in/Scripts/NotificationUser.aspx?Id=13380&Mode=0,https://www.rbi.org.in/Scripts/NotificationUser.aspx?Id=13380&Mode=0,https://rbidocs.rbi.org.in/rdocs/notification/PDFs/NOTI275D15CF58136D4780BB05FCFF4C492998.PDF,https://www.rbi.org.in/Scripts/Fs_AmendmentDirections.aspx,2026-05-30T11:21:17.094152+00:00
2026-04-27,"Reserve Bank of India (Commercial Banks – Resolution of Stressed Assets) Amendment Directions, 2026",https://www.rbi.org.in/Scripts/NotificationUser.aspx?Id=13383&Mode=0,https://www.rbi.org.in/Scripts/NotificationUser.aspx?Id=13383&Mode=0,https://rbidocs.rbi.org.in/rdocs/notification/PDFs/23DOR27042026379A5D0D59CC4500958CC0AC56A3C8F6.PDF,https://www.rbi.org.in/Scripts/Fs_AmendmentDirections.aspx,2026-05-30T11:21:17.094152+00:00
2026-04-27,"Reserve Bank of India (Commercial Banks – Undertaking of Financial Services) – Second Amendment Directions, 2026",https://www.rbi.org.in/Scripts/NotificationUser.aspx?Id=13398&Mode=0,https://www.rbi.org.in/Scripts/NotificationUser.aspx?Id=13398&Mode=0,https://rbidocs.rbi.org.in/rdocs/notification/PDFs/NT22B9AE8E28B6BF4F0187C7334DF07383CC.PDF,https://www.rbi.org.in/Scripts/Fs_AmendmentDirections.aspx,2026-05-30T11:21:17.094152+00:00
2026-04-27,"Reserve Bank of India (Urban Co-operative Banks – Undertaking of Financial Services) – Amendment Directions, 2026",https://www.rbi.org.in/Scripts/NotificationUser.aspx?Id=13394&Mode=0,https://www.rbi.org.in/Scripts/NotificationUser.aspx?Id=13394&Mode=0,https://rbidocs.rbi.org.in/rdocs/notification/PDFs/NT217059249E4C574BC3B5239624D3E180EB.PDF,https://www.rbi.org.in/Scripts/Fs_AmendmentDirections.aspx,2026-05-30T11:21:17.094152+00:00
2026-04-27,"Reserve Bank of India (Small Finance Banks – Undertaking of Financial Services) – Amendment Directions, 2026",https://www.rbi.org.in/Scripts/NotificationUser.aspx?Id=13389&Mode=0,https://www.rbi.org.in/Scripts/NotificationUser.aspx?Id=13389&Mode=0,https://rbidocs.rbi.org.in/rdocs/notification/PDFs/NT208ECFB6D0A0794878925586FC9C345EF6.PDF,https://www.rbi.org.in/Scripts/Fs_AmendmentDirections.aspx,2026-05-30T11:21:17.094152+00:00
2026-04-27,"Reserve Bank of India (Regional Rural Banks – Undertaking of Financial Services) – Amendment Directions, 2026",https://www.rbi.org.in/Scripts/NotificationUser.aspx?Id=13386&Mode=0,https://www.rbi.org.in/Scripts/NotificationUser.aspx?Id=13386&Mode=0,https://rbidocs.rbi.org.in/rdocs/notification/PDFs/NT19D250E5188FF74B0CBD6274FC2F8232A5.PDF,https://www.rbi.org.in/Scripts/Fs_AmendmentDirections.aspx,2026-05-30T11:21:17.094152+00:00
2026-04-27,"Reserve Bank of India (Rural Co-operative Banks– Undertaking of Financial Services) – Amendment Directions, 2026",https://www.rbi.org.in/Scripts/NotificationUser.aspx?Id=13381&Mode=0,https://www.rbi.org.in/Scripts/NotificationUser.aspx?Id=13381&Mode=0,https://rbidocs.rbi.org.in/rdocs/notification/PDFs/NT18C84D89D269394E429F27EEBF667B0D4A.PDF,https://www.rbi.org.in/Scripts/Fs_AmendmentDirections.aspx,2026-05-30T11:21:17.094152+00:00
2026-04-27,"Reserve Bank of India (Non-Banking Financial Companies– Undertaking of Financial Services) –Amendment Directions, 2026",https://www.rbi.org.in/Scripts/NotificationUser.aspx?Id=13379&Mode=0,https://www.rbi.org.in/Scripts/NotificationUser.aspx?Id=13379&Mode=0,https://rbidocs.rbi.org.in/rdocs/notification/PDFs/NT176836A057366F4ECB8FA3C97B732B241A.PDF,https://www.rbi.org.in/Scripts/Fs_AmendmentDirections.aspx,2026-05-30T11:21:17.094152+00:00
2026-04-27,"Reserve Bank of India (All India Financial Institutions – Undertaking of Financial Services) –Amendment Directions, 2026",https://www.rbi.org.in/Scripts/NotificationUser.aspx?Id=13378&Mode=0,https://www.rbi.org.in/Scripts/NotificationUser.aspx?Id=13378&Mode=0,https://rbidocs.rbi.org.in/rdocs/notification/PDFs/NT162704F26778CE0BDC4BF7A2DDEEAA15F2D265.PDF,https://www.rbi.org.in/Scripts/Fs_AmendmentDirections.aspx,2026-05-30T11:21:17.094152+00:00
2026-04-15,"Reserve Bank of India (Non-Banking Financial Companies – Branch Authorisation) Amendment Directions, 2026",https://www.rbi.org.in/Scripts/NotificationUser.aspx?Id=13370&Mode=0,https://www.rbi.org.in/Scripts/NotificationUser.aspx?Id=13370&Mode=0,https://rbidocs.rbi.org.in/rdocs/notification/PDFs/NT1147FF98720DA34366B92669755481F00E.PDF,https://www.rbi.org.in/Scripts/Fs_AmendmentDirections.aspx,2026-05-30T11:21:17.094152+00:00
2026-03-30,"Reserve Bank of India (Small Finance Banks – Financial Statements: Presentation and Disclosures) – Second Amendment Directions, 2026 (Revised)",https://www.rbi.org.in/Scripts/NotificationUser.aspx?Id=13354&Mode=0,https://www.rbi.org.in/Scripts/NotificationUser.aspx?Id=13354&Mode=0,https://rbidocs.rbi.org.in/rdocs/notification/PDFs/262NTB902179A162C4B3888F05CA28B67602E.PDF,https://www.rbi.org.in/Scripts/Fs_AmendmentDirections.aspx,2026-05-30T11:21:17.094152+00:00
2026-03-30,"Reserve Bank of India (Small Finance Banks - Prudential Norms on Capital Adequacy) Second Amendment Directions, 2026 (Revised)",https://www.rbi.org.in/Scripts/NotificationUser.aspx?Id=13353&Mode=0,https://www.rbi.org.in/Scripts/NotificationUser.aspx?Id=13353&Mode=0,https://rbidocs.rbi.org.in/rdocs/notification/PDFs/261NT12614AE21FC249168A17E0F9C70C0773.PDF,https://www.rbi.org.in/Scripts/Fs_AmendmentDirections.aspx,2026-05-30T11:21:17.094152+00:00
2026-03-30,"Reserve Bank of India (Small Finance Banks - Concentration Risk Management) Amendment Directions, 2026 (Revised)",https://www.rbi.org.in/Scripts/NotificationUser.aspx?Id=13352&Mode=0,https://www.rbi.org.in/Scripts/NotificationUser.aspx?Id=13352&Mode=0,https://rbidocs.rbi.org.in/rdocs/notification/PDFs/260NT734AEA8B4A484FDABC91603C0076ED67.PDF,https://www.rbi.org.in/Scripts/Fs_AmendmentDirections.aspx,2026-05-30T11:21:17.094152+00:00
2026-03-30,"Reserve Bank of India (Small Finance Banks – Credit Facilities) Amendment Directions, 2026 (Revised)",https://www.rbi.org.in/Scripts/NotificationUser.aspx?Id=13351&Mode=0,https://www.rbi.org.in/Scripts/NotificationUser.aspx?Id=13351&Mode=0,https://rbidocs.rbi.org.in/rdocs/notification/PDFs/259NTBC656D7F5053492E8F1C274EDE3DC6A7.PDF,https://www.rbi.org.in/Scripts/Fs_AmendmentDirections.aspx,2026-05-30T11:21:17.094152+00:00
2026-03-30,"Reserve Bank of India (Commercial Banks – Undertaking of Financial Services) – Amendment Directions, 2026 (Revised)",https://www.rbi.org.in/Scripts/NotificationUser.aspx?Id=13350&Mode=0,https://www.rbi.org.in/Scripts/NotificationUser.aspx?Id=13350&Mode=0,https://rbidocs.rbi.org.in/rdocs/notification/PDFs/NT258121DA3B58FF648DA9448B40BCD8FFE6C.PDF,https://www.rbi.org.in/Scripts/Fs_AmendmentDirections.aspx,2026-05-30T11:21:17.094152+00:00
2026-03-30,"Reserve Bank of India (Commercial Banks – Financial Statements: Presentation and Disclosures) – Third Amendment Directions, 2026 (Revised)",https://www.rbi.org.in/Scripts/NotificationUser.aspx?Id=13349&Mode=0,https://www.rbi.org.in/Scripts/NotificationUser.aspx?Id=13349&Mode=0,https://rbidocs.rbi.org.in/rdocs/notification/PDFs/NT257C1DE3343A21D4B7B8C87FD98E837E9E3.PDF,https://www.rbi.org.in/Scripts/Fs_AmendmentDirections.aspx,2026-05-30T11:21:17.094152+00:00
2026-03-30,"Reserve Bank of India (Commercial Banks - Prudential Norms on Capital Adequacy) Second Amendment Directions, 2026 (Revised)",https://www.rbi.org.in/Scripts/NotificationUser.aspx?Id=13348&Mode=0,https://www.rbi.org.in/Scripts/NotificationUser.aspx?Id=13348&Mode=0,https://rbidocs.rbi.org.in/rdocs/notification/PDFs/NT256237C65319A514EED99F9587E2676FC90.PDF,https://www.rbi.org.in/Scripts/Fs_AmendmentDirections.aspx,2026-05-30T11:21:17.094152+00:00
2026-03-30,"Reserve Bank of India (Commercial Banks - Concentration Risk Management) Amendment Directions, 2026 (Revised)",https://www.rbi.org.in/Scripts/NotificationUser.aspx?Id=13347&Mode=0,https://www.rbi.org.in/Scripts/NotificationUser.aspx?Id=13347&Mode=0,https://rbidocs.rbi.org.in/rdocs/notification/PDFs/NT255325083CBEDA648DEA31224CE9EF7EDC8.PDF,https://www.rbi.org.in/Scripts/Fs_AmendmentDirections.aspx,2026-05-30T11:21:17.094152+00:00
2026-03-30,"Reserve Bank of India (Commercial Banks – Credit Facilities) Amendment Directions, 2026 (Revised)",https://www.rbi.org.in/Scripts/NotificationUser.aspx?Id=13346&Mode=0,https://www.rbi.org.in/Scripts/NotificationUser.aspx?Id=13346&Mode=0,https://rbidocs.rbi.org.in/rdocs/notification/PDFs/NT25449340B3DEA7740ABBD1A8F299F3FCD48.PDF,https://www.rbi.org.in/Scripts/Fs_AmendmentDirections.aspx,2026-05-30T11:21:17.094152+00:00
2026-03-16,"Reserve Bank of India (Rural Co-operative Banks – Financial Statements: Presentation and Disclosures) – Second Amendment Directions, 2026",https://www.rbi.org.in/Scripts/NotificationUser.aspx?Id=13340&Mode=0,https://www.rbi.org.in/Scripts/NotificationUser.aspx?Id=13340&Mode=0,https://rbidocs.rbi.org.in/rdocs/notification/PDFs/NT2495ACC944DC51E4DC79AD9B6F95C8AC162.PDF,https://www.rbi.org.in/Scripts/Fs_AmendmentDirections.aspx,2026-05-30T11:21:17.094152+00:00
2026-03-16,"Reserve Bank of India (Urban Co-operative Banks – Financial Statements: Presentation and Disclosures) – Third Amendment Directions, 2026",https://www.rbi.org.in/Scripts/NotificationUser.aspx?Id=13339&Mode=0,https://www.rbi.org.in/Scripts/NotificationUser.aspx?Id=13339&Mode=0,https://rbidocs.rbi.org.in/rdocs/notification/PDFs/NT248842E9ED7DC4146F6881E13B1475DDC53.PDF,https://www.rbi.org.in/Scripts/Fs_AmendmentDirections.aspx,2026-05-30T11:21:17.094152+00:00
2026-03-16,"Reserve Bank of India (Regional Rural Banks – Financial Statements: Presentation and Disclosures) – Second Amendment Directions, 2026",https://www.rbi.org.in/Scripts/NotificationUser.aspx?Id=13335&Mode=0,https://www.rbi.org.in/Scripts/NotificationUser.aspx?Id=13335&Mode=0,https://rbidocs.rbi.org.in/rdocs/notification/PDFs/NT247E9E625471F374A2D8C3BDC1044D4ED2F.PDF,https://www.rbi.org.in/Scripts/Fs_AmendmentDirections.aspx,2026-05-30T11:21:17.094152+00:00
2026-03-16,"Reserve Bank of India (Local Area Banks – Financial Statements: Presentation and Disclosures) Second Amendment Directions, 2026",https://www.rbi.org.in/Scripts/NotificationUser.aspx?Id=13338&Mode=0,https://www.rbi.org.in/Scripts/NotificationUser.aspx?Id=13338&Mode=0,https://rbidocs.rbi.org.in/rdocs/notification/PDFs/NT24650E8CFA323C04FB2A300D9F490EBE58E.PDF,https://www.rbi.org.in/Scripts/Fs_AmendmentDirections.aspx,2026-05-30T11:21:17.094152+00:00
2026-03-16,"Reserve Bank of India (Payments Banks – Financial Statements: Presentation and Disclosures) Amendment Directions, 2026",https://www.rbi.org.in/Scripts/NotificationUser.aspx?Id=13336&Mode=0,https://www.rbi.org.in/Scripts/NotificationUser.aspx?Id=13336&Mode=0,https://rbidocs.rbi.org.in/rdocs/notification/PDFs/NT245A7E394DDDF204E209954CA0483AA2026.PDF,https://www.rbi.org.in/Scripts/Fs_AmendmentDirections.aspx,2026-05-30T11:21:17.094152+00:00
2026-03-16,"Reserve Bank of India (Small Finance Banks – Financial Statements: Presentation and Disclosures) – Third Amendment Directions, 2026",https://www.rbi.org.in/Scripts/NotificationUser.aspx?Id=13334&Mode=0,https://www.rbi.org.in/Scripts/NotificationUser.aspx?Id=13334&Mode=0,https://rbidocs.rbi.org.in/rdocs/notification/PDFs/NT2449B19396A971B40B3B373DEAA17810995.PDF,https://www.rbi.org.in/Scripts/Fs_AmendmentDirections.aspx,2026-05-30T11:21:17.094152+00:00
2026-03-16,"Reserve Bank of India (Commercial Banks – Financial Statements: Presentation and Disclosures) – Fifth Amendment Directions, 2026",https://www.rbi.org.in/Scripts/NotificationUser.aspx?Id=13333&Mode=0,https://www.rbi.org.in/Scripts/NotificationUser.aspx?Id=13333&Mode=0,https://rbidocs.rbi.org.in/rdocs/notification/PDFs/NT243B45BC7BEDB7C4724A374CAA8DA388A61.PDF,https://www.rbi.org.in/Scripts/Fs_AmendmentDirections.aspx,2026-05-30T11:21:17.094152+00:00
2026-03-10,"Reserve Bank of India (All India Financial Institutions (AIFIs) - Prudential Norms on Capital Adequacy) Second Amendment Directions, 2026",https://www.rbi.org.in/Scripts/NotificationUser.aspx?Id=13331&Mode=0,https://www.rbi.org.in/Scripts/NotificationUser.aspx?Id=13331&Mode=0,https://rbidocs.rbi.org.in/rdocs/notification/PDFs/NT24143B908C1E4C1428DA7D867B3663869FB.PDF,https://www.rbi.org.in/Scripts/Fs_AmendmentDirections.aspx,2026-05-30T11:21:17.094152+00:00
2026-03-10,"Reserve Bank of India (Payments Banks - Prudential Norms on Capital Adequacy) Amendment Directions, 2026",https://www.rbi.org.in/Scripts/NotificationUser.aspx?Id=13330&Mode=0,https://www.rbi.org.in/Scripts/NotificationUser.aspx?Id=13330&Mode=0,https://rbidocs.rbi.org.in/rdocs/notification/PDFs/NT240B601FD00649E4E36ACB13E4048EAC882.PDF,https://www.rbi.org.in/Scripts/Fs_AmendmentDirections.aspx,2026-05-30T11:21:17.094152+00:00
2026-03-10,"Reserve Bank of India (Small Finance Banks - Prudential Norms on Capital Adequacy) Third Amendment Directions, 2026",https://www.rbi.org.in/Scripts/NotificationUser.aspx?Id=13329&Mode=0,https://www.rbi.org.in/Scripts/NotificationUser.aspx?Id=13329&Mode=0,https://rbidocs.rbi.org.in/rdocs/notification/PDFs/NT2397FD7794FBE4849118C2951F082FE494F.PDF,https://www.rbi.org.in/Scripts/Fs_AmendmentDirections.aspx,2026-05-30T11:21:17.094152+00:00
2026-03-10,"Reserve Bank of India (Commercial Banks - Prudential Norms on Capital Adequacy) Third Amendment Directions, 2026",https://www.rbi.org.in/Scripts/NotificationUser.aspx?Id=13326&Mode=0,https://www.rbi.org.in/Scripts/NotificationUser.aspx?Id=13326&Mode=0,https://rbidocs.rbi.org.in/rdocs/notification/PDFs/NT2380F4C03D444554106809C8BA8756A3F3B.PDF,https://www.rbi.org.in/Scripts/Fs_AmendmentDirections.aspx,2026-05-30T11:21:17.094152+00:00
2026-03-10,"Reserve Bank of India (Setting Up of Wholly Owned Subsidiaries by Foreign Banks) Amendment Guidelines, 2026",https://www.rbi.org.in/Scripts/NotificationUser.aspx?Id=13318&Mode=0,https://www.rbi.org.in/Scripts/NotificationUser.aspx?Id=13318&Mode=0,https://rbidocs.rbi.org.in/rdocs/notification/PDFs/NOT233ADFB78C1859445FD9A209C410270CDD5.PDF,https://www.rbi.org.in/Scripts/Fs_AmendmentDirections.aspx,2026-05-30T11:21:17.094152+00:00
2026-03-10,"Reserve Bank of India (Standalone Primary Dealers) Amendment Directions, 2026",https://www.rbi.org.in/Scripts/NotificationUser.aspx?Id=13317&Mode=0,https://www.rbi.org.in/Scripts/NotificationUser.aspx?Id=13317&Mode=0,https://rbidocs.rbi.org.in/rdocs/notification/PDFs/NT232BFFE6E73E7134121A35401E7F71B2286.PDF,https://www.rbi.org.in/Scripts/Fs_AmendmentDirections.aspx,2026-05-30T11:21:17.094152+00:00
2026-03-10,"Reserve Bank of India (Asset Reconstruction Companies) Amendment Directions, 2026",https://www.rbi.org.in/Scripts/NotificationUser.aspx?Id=13316&Mode=0,https://www.rbi.org.in/Scripts/NotificationUser.aspx?Id=13316&Mode=0,https://rbidocs.rbi.org.in/rdocs/notification/PDFs/NT231EE31EBC9BA5E46C7931C6B075498CFDD.PDF,https://www.rbi.org.in/Scripts/Fs_AmendmentDirections.aspx,2026-05-30T11:21:17.094152+00:00
2026-03-10,"Reserve Bank of India (Mortgage Guarantee Companies) Amendment Directions, 2026",https://www.rbi.org.in/Scripts/NotificationUser.aspx?Id=13315&Mode=0,https://www.rbi.org.in/Scripts/NotificationUser.aspx?Id=13315&Mode=0,https://rbidocs.rbi.org.in/rdocs/notification/PDFs/NT230695EB061609542BD81B3B2EF17638E77.PDF,https://www.rbi.org.in/Scripts/Fs_AmendmentDirections.aspx,2026-05-30T11:21:17.094152+00:00
2026-03-10,"Reserve Bank of India (Core Investment Companies) Amendment Directions, 2026",https://www.rbi.org.in/Scripts/NotificationUser.aspx?Id=13314&Mode=0,https://www.rbi.org.in/Scripts/NotificationUser.aspx?Id=13314&Mode=0,https://rbidocs.rbi.org.in/rdocs/notification/PDFs/NT229D210233127AB4C8588288EC24F9D4105.PDF,https://www.rbi.org.in/Scripts/Fs_AmendmentDirections.aspx,2026-05-30T11:21:17.094152+00:00
2026-03-10,"Reserve Bank of India (Housing Finance Companies) Amendment Directions, 2026",https://www.rbi.org.in/Scripts/NotificationUser.aspx?Id=13313&Mode=0,https://www.rbi.org.in/Scripts/NotificationUser.aspx?Id=13313&Mode=0,https://rbidocs.rbi.org.in/rdocs/notification/PDFs/NT2288D371438FF1C4EA1BA535B4EA1E9623C.PDF,https://www.rbi.org.in/Scripts/Fs_AmendmentDirections.aspx,2026-05-30T11:21:17.094152+00:00
2026-03-10,"Reserve Bank of India (Non-Banking Financial Companies - Concentration Risk Management) Second Amendment Directions, 2026",https://www.rbi.org.in/Scripts/NotificationUser.aspx?Id=13312&Mode=0,https://www.rbi.org.in/Scripts/NotificationUser.aspx?Id=13312&Mode=0,https://rbidocs.rbi.org.in/rdocs/notification/PDFs/NT2279A25270BC9D4489C9965F39E306B6260.PDF,https://www.rbi.org.in/Scripts/Fs_AmendmentDirections.aspx,2026-05-30T11:21:17.094152+00:00
2026-03-10,"Reserve Bank of India (Non-Banking Financial Companies – Prudential Norms on Capital Adequacy) Second Amendment Directions, 2026",https://www.rbi.org.in/Scripts/NotificationUser.aspx?Id=13311&Mode=0,https://www.rbi.org.in/Scripts/NotificationUser.aspx?Id=13311&Mode=0,https://rbidocs.rbi.org.in/rdocs/notification/PDFs/NT226EBFC6CBC4E134340A707A15512F0196B.PDF,https://www.rbi.org.in/Scripts/Fs_AmendmentDirections.aspx,2026-05-30T11:21:17.094152+00:00
2026-02-26,"Reserve Bank of India (Non-Banking Financial Companies – Miscellaneous) Amendment Directions, 2026",https://www.rbi.org.in/Scripts/NotificationUser.aspx?Id=13309&Mode=0,https://www.rbi.org.in/Scripts/NotificationUser.aspx?Id=13309&Mode=0,https://rbidocs.rbi.org.in/rdocs/notification/PDFs/NT224C5E3A48EF30C441FA41991B5472A3F2E.PDF,https://www.rbi.org.in/Scripts/Fs_AmendmentDirections.aspx,2026-05-30T11:21:17.094152+00:00
2026-02-13,"Reserve Bank of India (Non-Banking Financial Companies – Income Recognition, Asset Classification and Provisioning) Amendment Directions, 2026",https://www.rbi.org.in/Scripts/NotificationUser.aspx?Id=13294&Mode=0,https://www.rbi.org.in/Scripts/NotificationUser.aspx?Id=13294&Mode=0,https://rbidocs.rbi.org.in/rdocs/notification/PDFs/NT210A019EC76862F41828FE709EB5E102922.PDF,https://www.rbi.org.in/Scripts/Fs_AmendmentDirections.aspx,2026-05-30T11:21:17.094152+00:00
2026-02-13,"Reserve Bank of India (Non-Banking Financial Companies – Credit Facilities) Amendment Directions, 2026",https://www.rbi.org.in/Scripts/NotificationUser.aspx?Id=13293&Mode=0,https://www.rbi.org.in/Scripts/NotificationUser.aspx?Id=13293&Mode=0,https://rbidocs.rbi.org.in/rdocs/notification/PDFs/NT209D70222C4D37D41CB8E4A41A4410E8E34.PDF,https://www.rbi.org.in/Scripts/Fs_AmendmentDirections.aspx,2026-05-30T11:21:17.094152+00:00
2026-02-13,"Reserve Bank of India (Rural Co-operative Banks – Income Recognition, Asset Classification and Provisioning) Amendment Directions, 2026",https://www.rbi.org.in/Scripts/NotificationUser.aspx?Id=13292&Mode=0,https://www.rbi.org.in/Scripts/NotificationUser.aspx?Id=13292&Mode=0,https://rbidocs.rbi.org.in/rdocs/notification/PDFs/NT2081D2A46DFA0CE4C228316DEB86F68BDF3.PDF,https://www.rbi.org.in/Scripts/Fs_AmendmentDirections.aspx,2026-05-30T11:21:17.094152+00:00
2026-01-22,"Reserve Bank of India (Rural Co-operative Banks – Cash Reserve Ratio and Statutory Liquidity Ratio) Amendment Directions, 2026",https://www.rbi.org.in/Scripts/NotificationUser.aspx?Id=13287&Mode=0,https://www.rbi.org.in/Scripts/NotificationUser.aspx?Id=13287&Mode=0,https://rbidocs.rbi.org.in/rdocs/notification/PDFs/NT20370B4715FB438401A88C819C709FEDCEC.PDF,https://www.rbi.org.in/Scripts/Fs_AmendmentDirections.aspx,2026-05-30T11:21:17.094152+00:00
2026-01-22,"Reserve Bank of India (Urban Co-operative Banks – Cash Reserve Ratio and Statutory Liquidity Ratio) Amendment Directions, 2026",https://www.rbi.org.in/Scripts/NotificationUser.aspx?Id=13286&Mode=0,https://www.rbi.org.in/Scripts/NotificationUser.aspx?Id=13286&Mode=0,https://rbidocs.rbi.org.in/rdocs/notification/PDFs/NT2021D309BE186BE443E898FC83D28152EAE.PDF,https://www.rbi.org.in/Scripts/Fs_AmendmentDirections.aspx,2026-05-30T11:21:17.094152+00:00
2026-01-22,"Reserve Bank of India (Local Area Banks – Cash Reserve Ratio and Statutory Liquidity Ratio) Amendment Directions, 2026",https://www.rbi.org.in/Scripts/NotificationUser.aspx?Id=13285&Mode=0,https://www.rbi.org.in/Scripts/NotificationUser.aspx?Id=13285&Mode=0,https://rbidocs.rbi.org.in/rdocs/notification/PDFs/NT201C88E65A71CD0438CA9BF5E99D0B8E75F.PDF,https://www.rbi.org.in/Scripts/Fs_AmendmentDirections.aspx,2026-05-30T11:21:17.094152+00:00
2026-01-22,"Reserve Bank of India (Regional Rural Banks – Cash Reserve Ratio and Statutory Liquidity Ratio) Amendment Directions, 2026",https://www.rbi.org.in/Scripts/NotificationUser.aspx?Id=13284&Mode=0,https://www.rbi.org.in/Scripts/NotificationUser.aspx?Id=13284&Mode=0,https://rbidocs.rbi.org.in/rdocs/notification/PDFs/NT2003D21F5AB4DD24FF2809B62E05E544BAD.PDF,https://www.rbi.org.in/Scripts/Fs_AmendmentDirections.aspx,2026-05-30T11:21:17.094152+00:00
2026-01-22,"Reserve Bank of India (Payments Banks – Cash Reserve Ratio and Statutory Liquidity Ratio) Amendment Directions, 2026",https://www.rbi.org.in/Scripts/NotificationUser.aspx?Id=13283&Mode=0,https://www.rbi.org.in/Scripts/NotificationUser.aspx?Id=13283&Mode=0,https://rbidocs.rbi.org.in/rdocs/notification/PDFs/NT19928F30F5195AD44298C6A8A4E3EF7EB02.PDF,https://www.rbi.org.in/Scripts/Fs_AmendmentDirections.aspx,2026-05-30T11:21:17.094152+00:00
2026-01-22,"Reserve Bank of India (Small Finance Banks – Cash Reserve Ratio and Statutory Liquidity Ratio) Amendment Directions, 2026",https://www.rbi.org.in/Scripts/NotificationUser.aspx?Id=13282&Mode=0,https://www.rbi.org.in/Scripts/NotificationUser.aspx?Id=13282&Mode=0,https://rbidocs.rbi.org.in/rdocs/notification/PDFs/NT19855FA4AA80A5A43E883514B29BA2D11B2.PDF,https://www.rbi.org.in/Scripts/Fs_AmendmentDirections.aspx,2026-05-30T11:21:17.094152+00:00
2026-01-22,"Reserve Bank of India (Commercial Banks – Cash Reserve Ratio and Statutory Liquidity Ratio) Amendment Directions, 2026",https://www.rbi.org.in/Scripts/NotificationUser.aspx?Id=13281&Mode=0,https://www.rbi.org.in/Scripts/NotificationUser.aspx?Id=13281&Mode=0,https://rbidocs.rbi.org.in/rdocs/notification/PDFs/NT197A83D23E1725442E4B4A105118B0B34B1.PDF,https://www.rbi.org.in/Scripts/Fs_AmendmentDirections.aspx,2026-05-30T11:21:17.094152+00:00
2026-01-09,"Reserve Bank of India (All India Financial Institutions (AIFIs) - Prudential Norms on Capital Adequacy) Amendment Directions, 2026",https://www.rbi.org.in/Scripts/NotificationUser.aspx?Id=13267&Mode=0,https://www.rbi.org.in/Scripts/NotificationUser.aspx?Id=13267&Mode=0,https://rbidocs.rbi.org.in/rdocs/notification/PDFs/NT1918F190EB952FE47CB90130C1F94C31449.PDF,https://www.rbi.org.in/Scripts/Fs_AmendmentDirections.aspx,2026-05-30T11:21:17.094152+00:00
2026-01-09,"Reserve Bank of India (Small Finance Banks - Prudential Norms on Capital Adequacy) Amendment Directions, 2026",https://www.rbi.org.in/Scripts/NotificationUser.aspx?Id=13266&Mode=0,https://www.rbi.org.in/Scripts/NotificationUser.aspx?Id=13266&Mode=0,https://rbidocs.rbi.org.in/rdocs/notification/PDFs/NT190BE288766BD854E35B5FF846BFA14F86C.PDF,https://www.rbi.org.in/Scripts/Fs_AmendmentDirections.aspx,2026-05-30T11:21:17.094152+00:00
2026-01-09,"Reserve Bank of India (Commercial Banks - Prudential Norms on Capital Adequacy) Amendment Directions, 2026",https://www.rbi.org.in/Scripts/NotificationUser.aspx?Id=13265&Mode=0,https://www.rbi.org.in/Scripts/NotificationUser.aspx?Id=13265&Mode=0,https://rbidocs.rbi.org.in/rdocs/notification/PDFs/NT189F6DD440E5A6548BE9687EE60591F8B40.PDF,https://www.rbi.org.in/Scripts/Fs_AmendmentDirections.aspx,2026-05-30T11:21:17.094152+00:00
2026-01-05,"Reserve Bank of India (All India Financial Institutions – Financial Statements: Presentation and Disclosures) – Amendment Directions, 2026",https://www.rbi.org.in/Scripts/NotificationUser.aspx?Id=13264&Mode=0,https://www.rbi.org.in/Scripts/NotificationUser.aspx?Id=13264&Mode=0,https://rbidocs.rbi.org.in/rdocs/notification/PDFs/NT188EB68AFA1DD164219A8E1B978065DD2F3.PDF,https://www.rbi.org.in/Scripts/Fs_AmendmentDirections.aspx,2026-05-30T11:21:17.094152+00:00
2026-01-05,"Reserve Bank of India (Non-Banking Financial Companies – Financial Statements: Presentation and Disclosures) Directions, Amendment Directions, 2026",https://www.rbi.org.in/Scripts/NotificationUser.aspx?Id=13263&Mode=0,https://www.rbi.org.in/Scripts/NotificationUser.aspx?Id=13263&Mode=0,https://rbidocs.rbi.org.in/rdocs/notification/PDFs/NT187BBC225408A29464BAB60ECD7DA3FFEA1.PDF,https://www.rbi.org.in/Scripts/Fs_AmendmentDirections.aspx,2026-05-30T11:21:17.094152+00:00
2026-01-05,"Reserve Bank of India (Rural Co-operative Banks – Financial Statements: Presentation and Disclosures) – Amendment Directions, 2026",https://www.rbi.org.in/Scripts/NotificationUser.aspx?Id=13262&Mode=0,https://www.rbi.org.in/Scripts/NotificationUser.aspx?Id=13262&Mode=0,https://rbidocs.rbi.org.in/rdocs/notification/PDFs/NT1863CDA451CED9546B2B2B3B22D1766AF25.PDF,https://www.rbi.org.in/Scripts/Fs_AmendmentDirections.aspx,2026-05-30T11:21:17.094152+00:00
2026-01-05,"Reserve Bank of India (Urban Co-operative Banks – Financial Statements: Presentation and Disclosures) – Amendment Directions, 2026",https://www.rbi.org.in/Scripts/NotificationUser.aspx?Id=13261&Mode=0,https://www.rbi.org.in/Scripts/NotificationUser.aspx?Id=13261&Mode=0,https://rbidocs.rbi.org.in/rdocs/notification/PDFs/NT185FBE16D01DEC34469B8EA4A18B594CC2F.PDF,https://www.rbi.org.in/Scripts/Fs_AmendmentDirections.aspx,2026-05-30T11:21:17.094152+00:00
2026-01-05,"Reserve Bank of India (Regional Rural Banks – Financial Statements: Presentation and Disclosures) – Amendment Directions, 2026",https://www.rbi.org.in/Scripts/NotificationUser.aspx?Id=13260&Mode=0,https://www.rbi.org.in/Scripts/NotificationUser.aspx?Id=13260&Mode=0,https://rbidocs.rbi.org.in/rdocs/notification/PDFs/NT1843C9720E263C64D27BBF943566AC61047.PDF,https://www.rbi.org.in/Scripts/Fs_AmendmentDirections.aspx,2026-05-30T11:21:17.094152+00:00
2026-01-05,"Reserve Bank of India (Local Area Banks – Financial Statements: Presentation and Disclosures) – Amendment Directions, 2026",https://www.rbi.org.in/Scripts/NotificationUser.aspx?Id=13259&Mode=0,https://www.rbi.org.in/Scripts/NotificationUser.aspx?Id=13259&Mode=0,https://rbidocs.rbi.org.in/rdocs/notification/PDFs/NT183A77FCD0480904C8383C0CFF331112985.PDF,https://www.rbi.org.in/Scripts/Fs_AmendmentDirections.aspx,2026-05-30T11:21:17.094152+00:00
2026-01-05,"Reserve Bank of India (Small Finance Banks – Financial Statements: Presentation and Disclosures) – Amendment Directions, 2026",https://www.rbi.org.in/Scripts/NotificationUser.aspx?Id=13258&Mode=0,https://www.rbi.org.in/Scripts/NotificationUser.aspx?Id=13258&Mode=0,https://rbidocs.rbi.org.in/rdocs/notification/PDFs/NT18277D92A87A9C84C9DA0CE951CB9388EE2.PDF,https://www.rbi.org.in/Scripts/Fs_AmendmentDirections.aspx,2026-05-30T11:21:17.094152+00:00
2026-01-05,"Reserve Bank of India (Commercial Banks – Financial Statements: Presentation and Disclosures) – Second Amendment Directions, 2026",https://www.rbi.org.in/Scripts/NotificationUser.aspx?Id=13257&Mode=0,https://www.rbi.org.in/Scripts/NotificationUser.aspx?Id=13257&Mode=0,https://rbidocs.rbi.org.in/rdocs/notification/PDFs/NT181380D29E452BB410A98108DFE4B305BF4.PDF,https://www.rbi.org.in/Scripts/Fs_AmendmentDirections.aspx,2026-05-30T11:21:17.094152+00:00
2026-01-05,"Reserve Bank of India (All India Financial Institutions – Credit Risk Management) – Amendment Directions, 2026",https://www.rbi.org.in/Scripts/NotificationUser.aspx?Id=13256&Mode=0,https://www.rbi.org.in/Scripts/NotificationUser.aspx?Id=13256&Mode=0,https://rbidocs.rbi.org.in/rdocs/notification/PDFs/NT1808BCC3640F32F46C2BA789CB2604FBE63.PDF,https://www.rbi.org.in/Scripts/Fs_AmendmentDirections.aspx,2026-05-30T11:21:17.094152+00:00
2026-01-05,"Reserve Bank of India (Non-Banking Financial Companies – Credit Risk Management) – Amendment Directions, 2026",https://www.rbi.org.in/Scripts/NotificationUser.aspx?Id=13255&Mode=0,https://www.rbi.org.in/Scripts/NotificationUser.aspx?Id=13255&Mode=0,https://rbidocs.rbi.org.in/rdocs/notification/PDFs/NT179E8A0C46758CC48778CD80D7D52D1463A.PDF,https://www.rbi.org.in/Scripts/Fs_AmendmentDirections.aspx,2026-05-30T11:21:17.094152+00:00
2026-01-05,"Reserve Bank of India (Rural Co-operative Banks – Credit Risk Management) – Amendment Directions, 2026",https://www.rbi.org.in/Scripts/NotificationUser.aspx?Id=13254&Mode=0,https://www.rbi.org.in/Scripts/NotificationUser.aspx?Id=13254&Mode=0,https://rbidocs.rbi.org.in/rdocs/notification/PDFs/NT178B1FF8BF029554D7BB04EC472AE5A03EE.PDF,https://www.rbi.org.in/Scripts/Fs_AmendmentDirections.aspx,2026-05-30T11:21:17.094152+00:00
2026-01-05,"Reserve Bank of India (Urban Co-operative Banks – Credit Risk Management) – Amendment Directions, 2026",https://www.rbi.org.in/Scripts/NotificationUser.aspx?Id=13253&Mode=0,https://www.rbi.org.in/Scripts/NotificationUser.aspx?Id=13253&Mode=0,https://rbidocs.rbi.org.in/rdocs/notification/PDFs/NT177F75338772AAE4E6B8EA41A49AEC8FB09.PDF,https://www.rbi.org.in/Scripts/Fs_AmendmentDirections.aspx,2026-05-30T11:21:17.094152+00:00
2026-01-05,"Reserve Bank of India (Regional Rural Banks – Credit Risk Management) – Amendment Directions, 2026",https://www.rbi.org.in/Scripts/NotificationUser.aspx?Id=13252&Mode=0,https://www.rbi.org.in/Scripts/NotificationUser.aspx?Id=13252&Mode=0,https://rbidocs.rbi.org.in/rdocs/notification/PDFs/NT176A02DF87734FD4B01BB922EA99A11E8B5.PDF,https://www.rbi.org.in/Scripts/Fs_AmendmentDirections.aspx,2026-05-30T11:21:17.094152+00:00
2026-01-05,"Reserve Bank of India (Local Area Banks – Credit Risk Management) – Amendment Directions, 2026",https://www.rbi.org.in/Scripts/NotificationUser.aspx?Id=13251&Mode=0,https://www.rbi.org.in/Scripts/NotificationUser.aspx?Id=13251&Mode=0,https://rbidocs.rbi.org.in/rdocs/notification/PDFs/NT175A4E1C0D637A3478A82A9BB5EF3308349.PDF,https://www.rbi.org.in/Scripts/Fs_AmendmentDirections.aspx,2026-05-30T11:21:17.094152+00:00
2026-01-05,"Reserve Bank of India (Small Finance Banks – Credit Risk Management) – Amendment Directions, 2026",https://www.rbi.org.in/Scripts/NotificationUser.aspx?Id=13250&Mode=0,https://www.rbi.org.in/Scripts/NotificationUser.aspx?Id=13250&Mode=0,https://rbidocs.rbi.org.in/rdocs/notification/PDFs/NT174B6567DC94D0C4542A6B08B1F3916FA6B.PDF,https://www.rbi.org.in/Scripts/Fs_AmendmentDirections.aspx,2026-05-30T11:21:17.094152+00:00
2026-01-05,"Reserve Bank of India (Commercial Banks – Credit Risk Management) – Amendment Directions, 2026",https://www.rbi.org.in/Scripts/NotificationUser.aspx?Id=13249&Mode=0,https://www.rbi.org.in/Scripts/NotificationUser.aspx?Id=13249&Mode=0,https://rbidocs.rbi.org.in/rdocs/notification/PDFs/NT173F05694DEF361460C844D54AD4C908A87.PDF,https://www.rbi.org.in/Scripts/Fs_AmendmentDirections.aspx,2026-05-30T11:21:17.094152+00:00
2026-01-01,"Reserve Bank of India (Non-Banking Financial Companies - Concentration Risk Management) Amendment Directions, 2026",https://www.rbi.org.in/Scripts/NotificationUser.aspx?Id=13245&Mode=0,https://www.rbi.org.in/Scripts/NotificationUser.aspx?Id=13245&Mode=0,https://rbidocs.rbi.org.in/rdocs/notification/PDFs/NT169CA989972B98849EDA8B22DF884095897.PDF,https://www.rbi.org.in/Scripts/Fs_AmendmentDirections.aspx,2026-05-30T11:21:17.094152+00:00
2026-01-01,"Reserve Bank of India (Non-Banking Financial Companies – Prudential Norms on Capital Adequacy) Amendment Directions, 2026",https://www.rbi.org.in/Scripts/NotificationUser.aspx?Id=13244&Mode=0,https://www.rbi.org.in/Scripts/NotificationUser.aspx?Id=13244&Mode=0,https://rbidocs.rbi.org.in/rdocs/notification/PDFs/NT1685150F71B60FB49C9B8EA36FC9D82ED1C.PDF,https://www.rbi.org.in/Scripts/Fs_AmendmentDirections.aspx,2026-05-30T11:21:17.094152+00:00
2026-01-01,"Reserve Bank of India (Commercial Banks - Financial Statements: Presentation and Disclosures) Amendment Directions, 2026",https://www.rbi.org.in/Scripts/NotificationUser.aspx?Id=13243&Mode=0,https://www.rbi.org.in/Scripts/NotificationUser.aspx?Id=13243&Mode=0,https://rbidocs.rbi.org.in/rdocs/notification/PDFs/NT167DA8E2AE1C6D949C694D021775A7641B4.PDF,https://www.rbi.org.in/Scripts/Fs_AmendmentDirections.aspx,2026-05-30T11:21:17.094152+00:00
2025-12-29,"Reserve Bank of India (Commercial Banks – Know Your Customer) Amendment Directions, 2025",https://www.rbi.org.in/Scripts/NotificationUser.aspx?Id=13242&Mode=0,https://www.rbi.org.in/Scripts/NotificationUser.aspx?Id=13242&Mode=0,https://rbidocs.rbi.org.in/rdocs/notification/PDFs/NT1668608B65943A84A6AB149066C619DBF6E.PDF,https://www.rbi.org.in/Scripts/Fs_AmendmentDirections.aspx,2026-05-30T11:21:17.094152+00:00
2025-12-29,"Reserve Bank of India (Urban Co-operative Banks – Know Your Customer) Amendment Directions, 2025",https://www.rbi.org.in/Scripts/NotificationUser.aspx?Id=13241&Mode=0,https://www.rbi.org.in/Scripts/NotificationUser.aspx?Id=13241&Mode=0,https://rbidocs.rbi.org.in/rdocs/notification/PDFs/NT165B30E6889DE804CB6981BA9483B27AD4D.PDF,https://www.rbi.org.in/Scripts/Fs_AmendmentDirections.aspx,2026-05-30T11:21:17.094152+00:00
2025-12-29,"Reserve Bank of India (Small Finance Banks – Know Your Customer) Amendment Directions, 2025",https://www.rbi.org.in/Scripts/NotificationUser.aspx?Id=13240&Mode=0,https://www.rbi.org.in/Scripts/NotificationUser.aspx?Id=13240&Mode=0,https://rbidocs.rbi.org.in/rdocs/notification/PDFs/NT1642396D657812C49B9B73A882CD07E1D65.PDF,https://www.rbi.org.in/Scripts/Fs_AmendmentDirections.aspx,2026-05-30T11:21:17.094152+00:00
2025-12-29,"Reserve Bank of India (Rural Co-operative Banks – Know Your Customer) Amendment Directions, 2025",https://www.rbi.org.in/Scripts/NotificationUser.aspx?Id=13239&Mode=0,https://www.rbi.org.in/Scripts/NotificationUser.aspx?Id=13239&Mode=0,https://rbidocs.rbi.org.in/rdocs/notification/PDFs/NT163838C872EF1554D30A341F7773A621E15.PDF,https://www.rbi.org.in/Scripts/Fs_AmendmentDirections.aspx,2026-05-30T11:21:17.094152+00:00
2025-12-29,"Reserve Bank of India (Regional Rural Banks – Know Your Customer) Amendment Directions, 2025",https://www.rbi.org.in/Scripts/NotificationUser.aspx?Id=13238&Mode=0,https://www.rbi.org.in/Scripts/NotificationUser.aspx?Id=13238&Mode=0,https://rbidocs.rbi.org.in/rdocs/notification/PDFs/NT162A94D9CA80BD04DF2BFD716D6C872893E.PDF,https://www.rbi.org.in/Scripts/Fs_AmendmentDirections.aspx,2026-05-30T11:21:17.094152+00:00
2025-12-29,"Reserve Bank of India (Payments Banks – Know Your Customer) Amendment Directions, 2025",https://www.rbi.org.in/Scripts/NotificationUser.aspx?Id=13237&Mode=0,https://www.rbi.org.in/Scripts/NotificationUser.aspx?Id=13237&Mode=0,https://rbidocs.rbi.org.in/rdocs/notification/PDFs/NT161492982C0947A46F2921DD44054B11AB0.PDF,https://www.rbi.org.in/Scripts/Fs_AmendmentDirections.aspx,2026-05-30T11:21:17.094152+00:00
2025-12-29,"Reserve Bank of India (Non-Banking Financial Companies – Know Your Customer) Amendment Directions, 2025",https://www.rbi.org.in/Scripts/NotificationUser.aspx?Id=13236&Mode=0,https://www.rbi.org.in/Scripts/NotificationUser.aspx?Id=13236&Mode=0,https://rbidocs.rbi.org.in/rdocs/notification/PDFs/NT160A366EA8052104F0ABD04B9DAD153E3F9.PDF,https://www.rbi.org.in/Scripts/Fs_AmendmentDirections.aspx,2026-05-30T11:21:17.094152+00:00
2025-12-29,"Reserve Bank of India (Local Area Banks – Know Your Customer) Amendment Directions, 2025",https://www.rbi.org.in/Scripts/NotificationUser.aspx?Id=13235&Mode=0,https://www.rbi.org.in/Scripts/NotificationUser.aspx?Id=13235&Mode=0,https://rbidocs.rbi.org.in/rdocs/notification/PDFs/NOTI159646CE073DC904986AEE05400ECD62D2A.PDF,https://www.rbi.org.in/Scripts/Fs_AmendmentDirections.aspx,2026-05-30T11:21:17.094152+00:00
2025-12-29,"Reserve Bank of India (Asset Reconstruction Companies – Know Your Customer) Amendment Directions, 2025",https://www.rbi.org.in/Scripts/NotificationUser.aspx?Id=13234&Mode=0,https://www.rbi.org.in/Scripts/NotificationUser.aspx?Id=13234&Mode=0,https://rbidocs.rbi.org.in/rdocs/notification/PDFs/NT15843E9C00E46BC42C8AAF72AD2CEE071E6.PDF,https://www.rbi.org.in/Scripts/Fs_AmendmentDirections.aspx,2026-05-30T11:21:17.094152+00:00
2025-12-29,"Reserve Bank of India (All India Financial Institutions – Know Your Customer) Amendment Directions, 2025",https://www.rbi.org.in/Scripts/NotificationUser.aspx?Id=13233&Mode=0,https://www.rbi.org.in/Scripts/NotificationUser.aspx?Id=13233&Mode=0,https://rbidocs.rbi.org.in/rdocs/notification/PDFs/NT157BD14CBA3310840B382FED88371E675CA.PDF,https://www.rbi.org.in/Scripts/Fs_AmendmentDirections.aspx,2026-05-30T11:21:17.094152+00:00
2025-12-11,"Reserve Bank of India (Rural Co-operative Banks – Cash Reserve Ratio and Statutory Liquidity Ratio) Amendment Directions, 2025",https://www.rbi.org.in/Scripts/NotificationUser.aspx?Id=13228&Mode=0,https://www.rbi.org.in/Scripts/NotificationUser.aspx?Id=13228&Mode=0,https://rbidocs.rbi.org.in/rdocs/notification/PDFs/NT154E5111ADAA4A548628B891081FA1C2DD9.PDF,https://www.rbi.org.in/Scripts/Fs_AmendmentDirections.aspx,2026-05-30T11:21:17.094152+00:00
2025-12-11,"Reserve Bank of India (Urban Co-operative Banks – Cash Reserve Ratio and Statutory Liquidity Ratio) Amendment Directions, 2025",https://www.rbi.org.in/Scripts/NotificationUser.aspx?Id=13230&Mode=0,https://www.rbi.org.in/Scripts/NotificationUser.aspx?Id=13230&Mode=0,https://rbidocs.rbi.org.in/rdocs/notification/PDFs/NT15324F0F9BDC56F46588156491E5B71F05E.PDF,https://www.rbi.org.in/Scripts/Fs_AmendmentDirections.aspx,2026-05-30T11:21:17.094152+00:00
2025-12-11,"Reserve Bank of India (Local Area Banks – Cash Reserve Ratio and Statutory Liquidity Ratio) Amendment Directions, 2025",https://www.rbi.org.in/Scripts/NotificationUser.aspx?Id=13229&Mode=0,https://www.rbi.org.in/Scripts/NotificationUser.aspx?Id=13229&Mode=0,https://rbidocs.rbi.org.in/rdocs/notification/PDFs/NT1528387BB091DF341D685C5E93A2987C722.PDF,https://www.rbi.org.in/Scripts/Fs_AmendmentDirections.aspx,2026-05-30T11:21:17.094152+00:00
2025-12-11,"Reserve Bank of India (Regional Rural Banks – Cash Reserve Ratio and Statutory Liquidity Ratio) Amendment Directions, 2025",https://www.rbi.org.in/Scripts/NotificationUser.aspx?Id=13227&Mode=0,https://www.rbi.org.in/Scripts/NotificationUser.aspx?Id=13227&Mode=0,https://rbidocs.rbi.org.in/rdocs/notification/PDFs/NT151CDAAC3DEE98F4BC7A714B670B7D18BAE.PDF,https://www.rbi.org.in/Scripts/Fs_AmendmentDirections.aspx,2026-05-30T11:21:17.094152+00:00
2025-12-11,"Reserve Bank of India (Payments Banks – Cash Reserve Ratio and Statutory Liquidity Ratio) Amendment Directions, 2025",https://www.rbi.org.in/Scripts/NotificationUser.aspx?Id=13226&Mode=0,https://www.rbi.org.in/Scripts/NotificationUser.aspx?Id=13226&Mode=0,https://rbidocs.rbi.org.in/rdocs/notification/PDFs/NT150EA319CA8B4DE4A92AB07A6CABF219695.PDF,https://www.rbi.org.in/Scripts/Fs_AmendmentDirections.aspx,2026-05-30T11:21:17.094152+00:00
2025-12-11,"Reserve Bank of India (Small Finance Banks – Cash Reserve Ratio and Statutory Liquidity Ratio) Amendment Directions, 2025",https://www.rbi.org.in/Scripts/NotificationUser.aspx?Id=13225&Mode=0,https://www.rbi.org.in/Scripts/NotificationUser.aspx?Id=13225&Mode=0,https://rbidocs.rbi.org.in/rdocs/notification/PDFs/NT1499BAA1383194348218DAB41AC67FAA6EC.PDF,https://www.rbi.org.in/Scripts/Fs_AmendmentDirections.aspx,2026-05-30T11:21:17.094152+00:00
2025-12-11,"Reserve Bank of India (Commercial Banks – Cash Reserve Ratio and Statutory Liquidity Ratio) Amendment Directions, 2025",https://www.rbi.org.in/Scripts/NotificationUser.aspx?Id=13224&Mode=0,https://www.rbi.org.in/Scripts/NotificationUser.aspx?Id=13224&Mode=0,https://rbidocs.rbi.org.in/rdocs/notification/PDFs/NT14837C225CB9F9B4AC8B4A74723FBDEDE8A.PDF,https://www.rbi.org.in/Scripts/Fs_AmendmentDirections.aspx,2026-05-30T11:21:17.094152+00:00
2025-12-11,"Reserve Bank of India (Rural Co-operative Banks – Credit Risk Management) – Amendment Directions, 2025",https://www.rbi.org.in/Scripts/NotificationUser.aspx?Id=13221&Mode=0,https://www.rbi.org.in/Scripts/NotificationUser.aspx?Id=13221&Mode=0,https://rbidocs.rbi.org.in/rdocs/notification/PDFs/NT1473A9FC9ECA73649A4B68870D9B51B0E95.PDF,https://www.rbi.org.in/Scripts/Fs_AmendmentDirections.aspx,2026-05-30T11:21:17.094152+00:00
2025-12-11,"Reserve Bank of India (Urban Co-operative Banks – Credit Risk Management) – Amendment Directions, 2025",https://www.rbi.org.in/Scripts/NotificationUser.aspx?Id=13220&Mode=0,https://www.rbi.org.in/Scripts/NotificationUser.aspx?Id=13220&Mode=0,https://rbidocs.rbi.org.in/rdocs/notification/PDFs/NT1464119A473B9FA42B58CDE284CDDD9C528.PDF,https://www.rbi.org.in/Scripts/Fs_AmendmentDirections.aspx,2026-05-30T11:21:17.094152+00:00
2025-12-11,"Reserve Bank of India (Regional Rural Banks – Credit Risk Management) – Amendment Directions, 2025",https://www.rbi.org.in/Scripts/NotificationUser.aspx?Id=13219&Mode=0,https://www.rbi.org.in/Scripts/NotificationUser.aspx?Id=13219&Mode=0,https://rbidocs.rbi.org.in/rdocs/notification/PDFs/NT1459BB4C6B30BD84C29BD6317CE280E465A.PDF,https://www.rbi.org.in/Scripts/Fs_AmendmentDirections.aspx,2026-05-30T11:21:17.094152+00:00
2025-12-11,"Reserve Bank of India (Local Area Banks – Credit Risk Management) – Amendment Directions, 2025",https://www.rbi.org.in/Scripts/NotificationUser.aspx?Id=13223&Mode=0,https://www.rbi.org.in/Scripts/NotificationUser.aspx?Id=13223&Mode=0,https://rbidocs.rbi.org.in/rdocs/notification/PDFs/NT14469AAA2658D834F56B8AA1CFBD3E56E46.PDF,https://www.rbi.org.in/Scripts/Fs_AmendmentDirections.aspx,2026-05-30T11:21:17.094152+00:00
2025-12-11,"Reserve Bank of India (Payments Banks – Miscellaneous) – Amendment Directions, 2025",https://www.rbi.org.in/Scripts/NotificationUser.aspx?Id=13222&Mode=0,https://www.rbi.org.in/Scripts/NotificationUser.aspx?Id=13222&Mode=0,https://rbidocs.rbi.org.in/rdocs/notification/PDFs/NT1433375ED27416D4B88877E8FBD8CDC5617.PDF,https://www.rbi.org.in/Scripts/Fs_AmendmentDirections.aspx,2026-05-30T11:21:17.094152+00:00
2025-12-11,"Reserve Bank of India (Small Finance Banks – Credit Risk Management) – Amendment Directions, 2025",https://www.rbi.org.in/Scripts/NotificationUser.aspx?Id=13218&Mode=0,https://www.rbi.org.in/Scripts/NotificationUser.aspx?Id=13218&Mode=0,https://rbidocs.rbi.org.in/rdocs/notification/PDFs/NT1420BD9A8495B264BEFA56BBB9A070D54B7.PDF,https://www.rbi.org.in/Scripts/Fs_AmendmentDirections.aspx,2026-05-30T11:21:17.094152+00:00
2025-12-11,"Reserve Bank of India (Commercial Banks – Credit Risk Management) – Amendment Directions, 2025",https://www.rbi.org.in/Scripts/NotificationUser.aspx?Id=13217&Mode=0,https://www.rbi.org.in/Scripts/NotificationUser.aspx?Id=13217&Mode=0,https://rbidocs.rbi.org.in/rdocs/notification/PDFs/NT141155C925EB705406E90AAD6ED40993D79.PDF,https://www.rbi.org.in/Scripts/Fs_AmendmentDirections.aspx,2026-05-30T11:21:17.094152+00:00
2025-12-05,"Reserve Bank of India (Non-Operative Financial Holding Company) (Amendment) Directions, 2025",https://www.rbi.org.in/Scripts/NotificationUser.aspx?Id=13213&Mode=0,https://www.rbi.org.in/Scripts/NotificationUser.aspx?Id=13213&Mode=0,https://rbidocs.rbi.org.in/rdocs/notification/PDFs/NT139913344E83AFA420D82385DBD5CF9B8AE.PDF,https://www.rbi.org.in/Scripts/Fs_AmendmentDirections.aspx,2026-05-30T11:21:17.094152+00:00
2025-12-05,"Reserve Bank of India (Non-Banking Financial Companies – Undertaking of Financial Services) (Amendment) Directions, 2025",https://www.rbi.org.in/Scripts/NotificationUser.aspx?Id=13212&Mode=0,https://www.rbi.org.in/Scripts/NotificationUser.aspx?Id=13212&Mode=0,https://rbidocs.rbi.org.in/rdocs/notification/PDFs/NT13808A5C654016E4C78A272F4504348B050.PDF,https://www.rbi.org.in/Scripts/Fs_AmendmentDirections.aspx,2026-05-30T11:21:17.094152+00:00
2025-12-05,"Reserve Bank of India (Payments Banks – Undertaking of Financial Services) (Amendment) Directions, 2025",https://www.rbi.org.in/Scripts/NotificationUser.aspx?Id=13211&Mode=0,https://www.rbi.org.in/Scripts/NotificationUser.aspx?Id=13211&Mode=0,https://rbidocs.rbi.org.in/rdocs/notification/PDFs/NT13740667B364BC44829B2FF353E31898C91.PDF,https://www.rbi.org.in/Scripts/Fs_AmendmentDirections.aspx,2026-05-30T11:21:17.094152+00:00
2025-12-05,"Reserve Bank of India (Small Finance Banks – Undertaking of Financial Services) (Amendment) Directions, 2025",https://www.rbi.org.in/Scripts/NotificationUser.aspx?Id=13210&Mode=0,https://www.rbi.org.in/Scripts/NotificationUser.aspx?Id=13210&Mode=0,https://rbidocs.rbi.org.in/rdocs/notification/PDFs/NT13623280CA12AE34171AAA19FB57F15FE83.PDF,https://www.rbi.org.in/Scripts/Fs_AmendmentDirections.aspx,2026-05-30T11:21:17.094152+00:00
2025-12-05,"Reserve Bank of India (Commercial Banks – Undertaking of Financial Services) (Amendment) Directions, 2025",https://www.rbi.org.in/Scripts/NotificationUser.aspx?Id=13209&Mode=0,https://www.rbi.org.in/Scripts/NotificationUser.aspx?Id=13209&Mode=0,https://rbidocs.rbi.org.in/rdocs/notification/PDFs/NT1358FC1863A3767437E88945CA1BD6F98A3.PDF,https://www.rbi.org.in/Scripts/Fs_AmendmentDirections.aspx,2026-05-30T11:21:17.094152+00:00
2025-12-04,"Reserve Bank of India (Small Finance Banks – Prudential Norms on Capital Adequacy) Amendment Directions, 2025",https://www.rbi.org.in/Scripts/NotificationUser.aspx?Id=13201&Mode=0,https://www.rbi.org.in/Scripts/NotificationUser.aspx?Id=13201&Mode=0,https://rbidocs.rbi.org.in/rdocs/notification/PDFs/6SFB131579DECF5889940A19DDC451EC8AD2FE7.PDF,https://www.rbi.org.in/Scripts/Fs_AmendmentDirections.aspx,2026-05-30T11:21:17.094152+00:00
2025-12-04,"Reserve Bank of India (Commercial Banks - Prudential Norms on Capital Adequacy) Amendment Directions, 2025",https://www.rbi.org.in/Scripts/NotificationUser.aspx?Id=13200&Mode=0,https://www.rbi.org.in/Scripts/NotificationUser.aspx?Id=13200&Mode=0,https://rbidocs.rbi.org.in/rdocs/notification/PDFs/5CB1307CDCC4A476A94D90BC16F5CFD4F1F5BA.PDF,https://www.rbi.org.in/Scripts/Fs_AmendmentDirections.aspx,2026-05-30T11:21:17.094152+00:00
2025-12-04,"Reserve Bank of India (Small Finance Banks – Income Recognition, Asset Classification and Provisioning) Amendment Directions, 2025",https://www.rbi.org.in/Scripts/NotificationUser.aspx?Id=13199&Mode=0,https://www.rbi.org.in/Scripts/NotificationUser.aspx?Id=13199&Mode=0,https://rbidocs.rbi.org.in/rdocs/notification/PDFs/4SFB129D9BD5288683D4DBBA48F4642341A3ACC.PDF,https://www.rbi.org.in/Scripts/Fs_AmendmentDirections.aspx,2026-05-30T11:21:17.094152+00:00
2025-12-04,"Reserve Bank of India (Commercial Banks – Income Recognition, Asset Classification and Provisioning) Amendment Directions, 2025",https://www.rbi.org.in/Scripts/NotificationUser.aspx?Id=13198&Mode=0,https://www.rbi.org.in/Scripts/NotificationUser.aspx?Id=13198&Mode=0,https://rbidocs.rbi.org.in/rdocs/notification/PDFs/3CB128DAE49FDF5A82479FA5E415C7F7438C96.PDF,https://www.rbi.org.in/Scripts/Fs_AmendmentDirections.aspx,2026-05-30T11:21:17.094152+00:00
2025-12-04,"Reserve Bank of India (Small Finance Banks - Concentration Risk Management) Amendment Directions, 2025",https://www.rbi.org.in/Scripts/NotificationUser.aspx?Id=13197&Mode=0,https://www.rbi.org.in/Scripts/NotificationUser.aspx?Id=13197&Mode=0,https://rbidocs.rbi.org.in/rdocs/notification/PDFs/2SFB127088B0E8142D348929FDC24674FAF9A43.PDF,https://www.rbi.org.in/Scripts/Fs_AmendmentDirections.aspx,2026-05-30T11:21:17.094152+00:00
2025-12-04,"Reserve Bank of India (Commercial Banks – Concentration Risk Management) Amendment Directions, 2025",https://www.rbi.org.in/Scripts/NotificationUser.aspx?Id=13196&Mode=0,https://www.rbi.org.in/Scripts/NotificationUser.aspx?Id=13196&Mode=0,https://rbidocs.rbi.org.in/rdocs/notification/PDFs/1CB04126C3D989F98318446D9246ABEEB0C22291.PDF,https://www.rbi.org.in/Scripts/Fs_AmendmentDirections.aspx,2026-05-30T11:21:17.094152+00:00
2025-12-04,"Reserve Bank of India (Small Finance Banks - Credit Facilities) Amendment Directions, 2025",https://www.rbi.org.in/Scripts/NotificationUser.aspx?Id=13195&Mode=0,https://www.rbi.org.in/Scripts/NotificationUser.aspx?Id=13195&Mode=0,https://rbidocs.rbi.org.in/rdocs/notification/PDFs/NT125B5609A8B47F249AF9CC95134F8A05F4A.PDF,https://www.rbi.org.in/Scripts/Fs_AmendmentDirections.aspx,2026-05-30T11:21:17.094152+00:00
2025-12-04,"Reserve Bank of India (Commercial Banks - Credit Facilities) Amendment Directions, 2025",https://www.rbi.org.in/Scripts/NotificationUser.aspx?Id=13194&Mode=0,https://www.rbi.org.in/Scripts/NotificationUser.aspx?Id=13194&Mode=0,https://rbidocs.rbi.org.in/rdocs/notification/PDFs/NT124323CE68DF70244C09352C9025C187DD8.PDF,https://www.rbi.org.in/Scripts/Fs_AmendmentDirections.aspx,2026-05-30T11:21:17.094152+00:00
2025-12-04,"Reserve Bank of India (Rural Co-operative Banks – Miscellaneous) (Amendment) Directions, 2025",https://www.rbi.org.in/Scripts/NotificationUser.aspx?Id=13190&Mode=0,https://www.rbi.org.in/Scripts/NotificationUser.aspx?Id=13190&Mode=0,https://rbidocs.rbi.org.in/rdocs/notification/PDFs/NT120ED9F819F86CA42CC8F87FACE0B4AF37B.PDF,https://www.rbi.org.in/Scripts/Fs_AmendmentDirections.aspx,2026-05-30T11:21:17.094152+00:00
2025-12-04,"Reserve Bank of India (Credit Information Companies) Amendment Directions, 2025",https://www.rbi.org.in/Scripts/NotificationUser.aspx?Id=13189&Mode=0,https://www.rbi.org.in/Scripts/NotificationUser.aspx?Id=13189&Mode=0,https://rbidocs.rbi.org.in/rdocs/notification/PDFs/NT119E3B6BBB56A6D4C239D0FFBD36ABDE292.PDF,https://www.rbi.org.in/Scripts/Fs_AmendmentDirections.aspx,2026-05-30T11:21:17.094152+00:00
2025-12-04,"Reserve Bank of India (Asset Reconstruction Companies – Credit Information Reporting) Amendment Directions, 2025",https://www.rbi.org.in/Scripts/NotificationUser.aspx?Id=13188&Mode=0,https://www.rbi.org.in/Scripts/NotificationUser.aspx?Id=13188&Mode=0,https://rbidocs.rbi.org.in/rdocs/notification/PDFs/NT118A2235DA893BE4BE095F3BE2925BC0E66.PDF,https://www.rbi.org.in/Scripts/Fs_AmendmentDirections.aspx,2026-05-30T11:21:17.094152+00:00
2025-12-04,"Reserve Bank of India (Non-Banking Financial Companies – Credit Information Reporting) Amendment Directions, 2025",https://www.rbi.org.in/Scripts/NotificationUser.aspx?Id=13187&Mode=0,https://www.rbi.org.in/Scripts/NotificationUser.aspx?Id=13187&Mode=0,https://rbidocs.rbi.org.in/rdocs/notification/PDFs/NT1173F3BFA9D44E74EB0AA01291F5C11DCF1.PDF,https://www.rbi.org.in/Scripts/Fs_AmendmentDirections.aspx,2026-05-30T11:21:17.094152+00:00
2025-12-04,"Reserve Bank of India (All India Financial Institutions – Credit Information Reporting) Amendment Directions, 2025",https://www.rbi.org.in/Scripts/NotificationUser.aspx?Id=13186&Mode=0,https://www.rbi.org.in/Scripts/NotificationUser.aspx?Id=13186&Mode=0,https://rbidocs.rbi.org.in/rdocs/notification/PDFs/NT116BACD841B16A44BD2A77E239B1B5C105D.PDF,https://www.rbi.org.in/Scripts/Fs_AmendmentDirections.aspx,2026-05-30T11:21:17.094152+00:00
2025-12-04,"Reserve Bank of India (Rural Co-operative Banks – Credit Information Reporting) Amendment Directions, 2025",https://www.rbi.org.in/Scripts/NotificationUser.aspx?Id=13185&Mode=0,https://www.rbi.org.in/Scripts/NotificationUser.aspx?Id=13185&Mode=0,https://rbidocs.rbi.org.in/rdocs/notification/PDFs/NT11510E110B552D24EC2A08F45F1C72F108B.PDF,https://www.rbi.org.in/Scripts/Fs_AmendmentDirections.aspx,2026-05-30T11:21:17.094152+00:00
2025-12-04,"Reserve Bank of India (Urban Co-operative Banks – Credit Information Reporting) Amendment Directions, 2025",https://www.rbi.org.in/Scripts/NotificationUser.aspx?Id=13184&Mode=0,https://www.rbi.org.in/Scripts/NotificationUser.aspx?Id=13184&Mode=0,https://rbidocs.rbi.org.in/rdocs/notification/PDFs/NT1140E04FC8B837B4898BE9F5BB5B44636A5.PDF,https://www.rbi.org.in/Scripts/Fs_AmendmentDirections.aspx,2026-05-30T11:21:17.094152+00:00
2025-12-04,"Reserve Bank of India (Regional Rural Banks – Credit Information Reporting) Amendment Directions, 2025",https://www.rbi.org.in/Scripts/NotificationUser.aspx?Id=13183&Mode=0,https://www.rbi.org.in/Scripts/NotificationUser.aspx?Id=13183&Mode=0,https://rbidocs.rbi.org.in/rdocs/notification/PDFs/NT11315658DBE07DC44ACBE4C931B7E7843F1.PDF,https://www.rbi.org.in/Scripts/Fs_AmendmentDirections.aspx,2026-05-30T11:21:17.094152+00:00
2025-12-04,"Reserve Bank of India (Local Area Banks – Credit Information Reporting) Amendment Directions, 2025",https://www.rbi.org.in/Scripts/NotificationUser.aspx?Id=13182&Mode=0,https://www.rbi.org.in/Scripts/NotificationUser.aspx?Id=13182&Mode=0,https://rbidocs.rbi.org.in/rdocs/notification/PDFs/NT11222B084C43B5848CCBE0E39EB1FA3489F.PDF,https://www.rbi.org.in/Scripts/Fs_AmendmentDirections.aspx,2026-05-30T11:21:17.094152+00:00
2025-12-04,"Reserve Bank of India (Small Finance Banks – Credit Information Reporting) Amendment Directions, 2025",https://www.rbi.org.in/Scripts/NotificationUser.aspx?Id=13181&Mode=0,https://www.rbi.org.in/Scripts/NotificationUser.aspx?Id=13181&Mode=0,https://rbidocs.rbi.org.in/rdocs/notification/PDFs/NT111ED8B98618B144A99950BF1A1E405C698.PDF,https://www.rbi.org.in/Scripts/Fs_AmendmentDirections.aspx,2026-05-30T11:21:17.094152+00:00
2025-12-04,"Reserve Bank of India (Commercial Banks – Credit Information Reporting) Amendment Directions, 2025",https://www.rbi.org.in/Scripts/NotificationUser.aspx?Id=13180&Mode=0,https://www.rbi.org.in/Scripts/NotificationUser.aspx?Id=13180&Mode=0,https://rbidocs.rbi.org.in/rdocs/notification/PDFs/NT11070606B6915F74CD2BFA1A91A9FCBFA3A.PDF,https://www.rbi.org.in/Scripts/Fs_AmendmentDirections.aspx,2026-05-30T11:21:17.094152+00:00
2025-12-04,"Reserve Bank of India (Rural Co-operative Banks - Responsible Business Conduct) Amendment Directions, 2025",https://www.rbi.org.in/Scripts/NotificationUser.aspx?Id=13179&Mode=0,https://www.rbi.org.in/Scripts/NotificationUser.aspx?Id=13179&Mode=0,https://rbidocs.rbi.org.in/rdocs/notification/PDFs/NT1093B6D3CC225DD4E979FE9EC85BD7F09B1.PDF,https://www.rbi.org.in/Scripts/Fs_AmendmentDirections.aspx,2026-05-30T11:21:17.094152+00:00
2025-12-04,"Reserve Bank of India (Urban Co-operative Banks – Responsible Business Conduct) Amendment Directions, 2025",https://www.rbi.org.in/Scripts/NotificationUser.aspx?Id=13178&Mode=0,https://www.rbi.org.in/Scripts/NotificationUser.aspx?Id=13178&Mode=0,https://rbidocs.rbi.org.in/rdocs/notification/PDFs/NT10861DF6505E67F4D979FFAD86333041172.PDF,https://www.rbi.org.in/Scripts/Fs_AmendmentDirections.aspx,2026-05-30T11:21:17.094152+00:00
2025-12-04,"Reserve Bank of India (Regional Rural Banks - Responsible Business Conduct) Amendment Directions, 2025",https://www.rbi.org.in/Scripts/NotificationUser.aspx?Id=13177&Mode=0,https://www.rbi.org.in/Scripts/NotificationUser.aspx?Id=13177&Mode=0,https://rbidocs.rbi.org.in/rdocs/notification/PDFs/NT107023366959BF9491C8A06A5B1E34F3C88.PDF,https://www.rbi.org.in/Scripts/Fs_AmendmentDirections.aspx,2026-05-30T11:21:17.094152+00:00
2025-12-04,"Reserve Bank of India (Local Area Banks - Responsible Business Conduct) Amendment Directions, 2025",https://www.rbi.org.in/Scripts/NotificationUser.aspx?Id=13176&Mode=0,https://www.rbi.org.in/Scripts/NotificationUser.aspx?Id=13176&Mode=0,https://rbidocs.rbi.org.in/rdocs/notification/PDFs/NT10643EB323A07EC4CCBB9EBC0D5A938BF0E.PDF,https://www.rbi.org.in/Scripts/Fs_AmendmentDirections.aspx,2026-05-30T11:21:17.094152+00:00
2025-12-04,"Reserve Bank of India (Payments Banks - Responsible Business Conduct) Amendment Directions, 2025",https://www.rbi.org.in/Scripts/NotificationUser.aspx?Id=13175&Mode=0,https://www.rbi.org.in/Scripts/NotificationUser.aspx?Id=13175&Mode=0,https://rbidocs.rbi.org.in/rdocs/notification/PDFs/NT105A1AD83E9737A4E9F9A14C8378EDB5E91.PDF,https://www.rbi.org.in/Scripts/Fs_AmendmentDirections.aspx,2026-05-30T11:21:17.094152+00:00
2025-12-04,"Reserve Bank of India (Small Finance Banks – Responsible Business Conduct) Amendment Directions, 2025",https://www.rbi.org.in/Scripts/NotificationUser.aspx?Id=13174&Mode=0,https://www.rbi.org.in/Scripts/NotificationUser.aspx?Id=13174&Mode=0,https://rbidocs.rbi.org.in/rdocs/notification/PDFs/NT104FDF95EE260CB4CF7B693EAFB84B804EF.PDF,https://www.rbi.org.in/Scripts/Fs_AmendmentDirections.aspx,2026-05-30T11:21:17.094152+00:00
2025-12-04,"Reserve Bank of India (Commercial Banks - Responsible Business Conduct) Amendment Directions, 2025",https://www.rbi.org.in/Scripts/NotificationUser.aspx?Id=13173&Mode=0,https://www.rbi.org.in/Scripts/NotificationUser.aspx?Id=13173&Mode=0,https://rbidocs.rbi.org.in/rdocs/notification/PDFs/NT10336988E2D94C54EF7B2BD8AFF9DBC60A3.PDF,https://www.rbi.org.in/Scripts/Fs_AmendmentDirections.aspx,2026-05-30T11:21:17.094152+00:00
